计生协组织全体党员干部开展“以史为镜 砥砺前行”主题演讲比赛,2022-11-01,http://www.cnmq.com.cn/dfbm/bmdt/30027.html
计生协认真学习贯彻党的二十大精神,2022-10-24,http://www.cnmq.com.cn/dfbm/bmdt/29899.html
计生协开展青春健康教育进校园活动,2022-10-21,http://www.cnmq.com.cn/dfbm/bmdt/29825.html
计生协“国庆节”前开展廉政提醒和警示教育,2022-09-29,http://www.cnmq.com.cn/dfbm/bmdt/29422.html
计生协加强“五一”假期期间党风廉政建设工作,2022-04-29,http://www.cnmq.com.cn/dfbm/bmdt/26203.html
计生协组织开展“干部夜学”活动,2022-04-12,http://www.cnmq.com.cn/dfbm/bmdt/25840.html
计生协开展“干部夜学”,2022-03-08,http://www.cnmq.com.cn/dfbm/bmdt/25089.html
计生协组织全体党员干部 开展“干部夜学”,2022-03-01,http://www.cnmq.com.cn/dfbm/bmdt/24888.html
计生协组织开展“干部夜学”活动,2022-01-18,http://www.cnmq.com.cn/dfbm/24024.html
民权县科协和县计生协联合开展“送温暖、献爱心”捐款活动,2022-01-18,http://www.cnmq.com.cn/dfbm/24011.html
学习贯彻党的二十大精神县委宣讲团到县卫健委开展宣讲活动,2022-12-26,http://www.cnmq.com.cn/dfbm/rdgz/31011.html
县委副书记、县长王静娴调研卫健系统工作,2022-09-19,http://www.cnmq.com.cn/news/mqyw/29189.html
民权县卫健委主任陈杰调研巩固脱贫攻坚成果“百日攻坚”专项行动,2022-09-15,http://www.cnmq.com.cn/dfbm/bmdt/29116.html
县人大副主任、县卫健委党组书记朱继兵到野岗镇调研指导巩固脱贫攻坚成果工 作,2022-09-07,http://www.cnmq.com.cn/news/mqyw/28954.html
全县卫健系统疫情防控工作推进会召开,2022-08-30,http://www.cnmq.com.cn/news/mqyw/28832.html
全县卫健系统“大反思、大排查、大整改、大培训”总结会议召开,2022-08-15,http://www.cnmq.com.cn/news/mqyw/28577.html
县人大常委会副主任、卫健委党组书记朱继兵到野岗镇暗访督导疫情防控工作,2022-05-12,http://www.cnmq.com.cn/news/mqyw/26471.html
县人大常委会副主任、卫健委党组书记朱继兵督导疫情防控工作,2022-05-08,http://www.cnmq.com.cn/news/mqyw/26413.html
民权县卫健委机关党委书记、党组成员、副主任孙涛到永城市慰问民权县支援永城核酸采样队人员,2022-04-11,http://www.cnmq.com.cn/dfbm/xxgk/25812.html
市卫健委主任李德怀到民调研医共体建设工作,2022-03-02,http://www.cnmq.com.cn/news/mqyw/24937.html
县卫健委组织开展“学党史 感党恩 我为群众办实事”健康义诊活动,2021-12-08,http://www.cnmq.com.cn/dfbm/bmdt/23073.html
驻村第一书记在帮扶村开展健康免费体检活动,2021-12-07,http://www.cnmq.com.cn/dfbm/bmdt/23046.html
市卫健委领导莅临卫生监督所检查指导行政执法“三项制度”落实情况,2021-11-08,http://www.cnmq.com.cn/dfbm/bmdt/22094.html
县卫健委组织全县各医疗机构组织开展重阳节敬老义诊活动,2021-10-14,http://www.cnmq.com.cn/dfbm/rdgz/21506.html
民权卫健系统支援灾区献爱心——我们在行动,2021-07-28,http://www.cnmq.com.cn/dfbm/bmdt/19624.html
卫健系统：举行消防安全培训演练,2021-07-09,http://www.cnmq.com.cn/news/mqyw/19251.html
民权卫健委组织开展全县卫健系统安全生产和消防安全、防汛救灾大检查行动,2021-06-13,http://www.cnmq.com.cn/dfbm/bmdt/18560.html
县卫健委学习传达全省安全生产工作电视电话会议精神,2021-06-11,http://www.cnmq.com.cn/dfbm/bmdt/18515.html
