1,2
1,这是个流行告别的时代，因为我们学不会挽留，所以拼命希望明天再见#一首歌一个故事 #音乐 #最怕听懂一首歌 @DOU+小助手
2,女儿是爸爸前世的情人，今世的贴身小棉袄，世上最美的莫过于父女情深#一首歌一个故事 #父亲节 #音乐 @DOU+小助手
3,最舒服的关系，聊天懂你，说话忍你，心里装你，做事帮你，我懂你的眼神，你懂我的欲言又止，我知你意，你懂我心#经典老歌 #一首歌一个故事 #伤感音乐 #爱情主演 @DOU+小助手
4,可能思念的人，也有思念的人吧，别想太多好好生活。爱你的人不会让你什么也没有，路途漫漫终有一归，幸与不幸终有尽头#一首歌一个故事 #伤感音乐 #你像风来了又走 @DOU+小助手
5,所有的相见恨晚，都是恰逢其时，就算没有结果，相遇必有其意，虽然不是命中注定，却是在劫难逃#一首歌一个故事 #经典老歌 #伤感音乐 #伤离别@DOU+小助手
6,相爱容易，相处难，总有那么一个人，原来是生命中的过客，却成了记忆中的常客……#一首歌一个故事 #音乐 #虚晃一眼 @DOU+小助手
7,曾经你是我三句不离的骄傲，如今你是我自罚三杯不愿提起的人……#一首歌一个故事 #音乐 #DJ #入酒 @DOU+小助手
8,干净的钱不好挣，好挣的钱不干净，人间正道是沧桑，沧桑背后都是伤。人非江湖人，却走江湖路，这一路，谁是人谁是鬼，老子心里明镜的#一首歌一个故事 #音乐 #经典老歌 @DOU+小助手
9,人最怕什么：信任后的欺骗，主动后的冷漠，付出后的心寒，亲密后的疏远，熟悉后的厌倦，深情后的敷衍，相知后的分离，珍惜后的失去…#一首歌一个故事 #经典老歌 #音乐 #他不爱我 @DOU+小助手
10,终究只是陪你演了一场戏，你锻炼了演技，我却入了戏。你从未入戏，可我却赔上了自己……#一首歌一个故事 #经典老歌 #伤感音乐 #重不重要我都不要了 @DOU+小助手
11,每个人心中都有一座城，住着一个不可能的人，那个人路过了青春一阵子，却会在记忆里搁浅一辈子。#一首歌一个故事 #伤感音乐 #最怕听懂一首歌 #你在哪座城市里 @DOU+小助手
12,有时候疏远不是讨厌，而是太喜欢又很无奈，与其抱着希望落空，不如假装大方自己先走。#一首歌一个故事 #经典老歌 #翻唱 #你的万水千山 @DOU+小助手
13,岁月染上风霜，经年走向过往。不是每一次坚持都能如愿以偿，不是每一点付出都会得到认可。路一步步走着，苦一点点尝着。#一首歌一个故事 #音乐 #岁月的风霜 @DOU+小助手
14,又是一年父亲节，人这一生只欠两个人，父亲和母亲，父母的恩情一辈子也还不完，父母在，人生尚有来处，父母去，人生只剩归途，祝天下父母健康幸福！#父爱如山 #怀念我的父亲 #愿天下父母健康长寿 @DOU+小助手
15,终于明白 有些事心里明白就好 稀里糊涂或许可以减少一些矛盾…#一首歌一个故事 #音乐 #经典老歌 @DOU+小助手
16,不要害怕失去，你所失去的本来就不属于你，也不要害怕伤害，能伤害你的都是你的劫数#一首歌一个故事 #音乐 #枕着梦 @DOU+小助手
17,这么多身份，只有爸妈的女儿最好当，“我养你”这句话 只有爸爸是认真的，祝天下所有的父母，节日快乐，一生平安#一首歌一个故事 #音乐 @DOU+小助手 #父爱如山 #父亲节#可怜父母心 #魏新雨
18,人生最大的遗憾，不是你错过了最好的人，而是你错过了那个想要对你好的人。后来才明白，有些人只适合相遇，不适合拥有…#一首歌一个故事 #音乐 #经典老歌 #翻唱 @DOU+小助手
19,承蒙时光不弃，感谢一切给予，你养我长大，我陪你变老，愿时光温柔以待，愿您健康长寿，父亲节快乐#一首歌一个故事 #父亲节 @DOU+小助手
20,总有一场际遇，会温暖你的流年，总有一处风景，会让你驻足停留，总有一个人，会知你冷暖，懂你悲欢#一首歌一个故事 #音乐 #歌曲有你就足够 @DOU+小助手
21,这漫漫的人生道路，除了自己，别人谁都无法替你度过，你需要一个人去面对，去经历而后去成长。#一首歌一个故事 #音乐 #伤感音乐 #漫漫人生红尘路 @DOU+小助手
22,心事放在酒里，喝不喝都会醉。牵挂藏在心里，说不说都在想。因为无能为力，所以只能顺其自然。有些东西，后来的人给不了。有些东西，也给不了后来的人。#一首歌一个故事 #敬一杯江湖 #烟嗓 #音乐 @DOU+小助手
23,愿你的所有努力和期许都有结果，愿你的明天如你所愿#一首歌一个故事 #音乐 #青岛大学毕业典礼学生神仙翻唱
24,思无期，念无泪，为情消得人憔悴，不为曲，不为词，只为心中片片相思…#一首歌一个故事 #经典老歌 #音乐 @DOU+小助手
25,有些人，只是一个转身，却已是天涯。有些事，只是一个转折，却已是海角。#一首歌一个故事 #经典老歌 #音乐 #天涯 @DOU+小助手
26,想你，是为了不想忘记和你在一起的点点滴滴，念你，是为了不想忘记你我们曾承诺的海誓山盟，传讯给你，是为了怕你把我给忘的乾乾净净#一首歌一个故事 #经典老歌 #伤感音乐 #翻唱 @DOU+小助手
27,你知道两个人什么阶段最折磨人吗？就是你想分开 ，却怎么也舍不得 ，怎么断都断不干净 。你想继续 ，却心生芥蒂 ，怎么回也回不到过去。#一首歌一个故事 #音乐 #重不重要我都不要了 @DOU+小助手
28,后来呢，遗憾还是成了遗憾，我们没有打扰对方，那张朝思暮想的脸，也渐渐变得模糊了#一首歌一个故事 #音乐 #翻唱@DOU+小助手
29,不要疑惑为什么别人一直伤害你，问问自己，为何你一直允许这种事发生#一首歌一个故事 #经典老歌 #音乐 #伤感音乐 @DOU+小助手
30,那种躺在床上，眼泪划过鼻梁，流进另一只眼睛，再流到枕头上，再染湿了头发，鼻塞到窒息，那种感觉只有经历过的人才知道有多痛…#一首歌一个故事 #经典老歌 #伤感音乐 #翻唱 #你爱我像谁女生版 @DOU+小助手
31,你笑，全世界陪你一起笑。你哭，就只有你一个人哭。别人只期待分到你的快乐，才懒得理解你的痛苦，这世界本就是各人下雪，各有各的隐晦和皎洁。内心世界的战争注定是单枪匹马的。#一首歌一个故事 #音乐 #没有人诉说 @DOU+小助手
32,今晚我又没忍住，又奔溃了，一个人站在雨中，眼泪不听的往下流，我不知道要熬到什么时候。心好疼，那种止不住的疼#一首歌一个故事 #伤感音乐 #夜雨哭 #音乐 @DOU+小助手
33,喝了点酒，微醺的感觉刚刚好，恰到好处点到为止，没有清醒时的过分冷静，也没有烂醉时的过分放肆#一首歌一个故事 #伤感音乐 #一个人的乐队 @DOU+小助手
34,有人得而不惜，有人爱而不得，后来我才知道，前程似锦是告别的意思，别来无恙是物是人非的意思#一首歌一个故事 #经典老歌 #翻唱 @DOU+小助手
35,感受不到的东西，一律按假的处理，开始考虑值不值得的时候就是不值得，可有可无的东西一律可无#一首歌一个故事 #伤感音乐 #经典老歌 @DOU+小助手
36,我多希望某一天晚上，你也会给我发一条长长的信息，告诉我这些日子你从来没有忘记我，你也很想我.#一首歌一个故事 #经典老歌 #伤感音乐 @DOU+小助手
37,半年就这样过去了，没什么想说的，就是心里堵的难受，走的累不累脚知道，撑得难不难肩知道，过得好不好心知道，只有你自己自己最清楚#一首歌一个故事 #经典老歌 #音乐 @DOU+小助手
38,终究只是陪你演了一场戏，你煅练了演技，我却入了戏。你人从未入戏，可我却赔上了自己，是我爱得太糊涂，对你用心过度，才被你伤得体无完肤。。。。。#一首歌一个故事 #伤感音乐 #我像个小朋友被你丢在半路 @DOU+小助手
39,很多人心里住着一个人，不是不爱，而是深爱，不是不联系，而是不能联系，不是不想忘，而是忘不掉。相思，因你而起…#一首歌一个故事 #经典老歌 #红豆红 @DOU+小助手
40,长大真的太苦了，在爸爸妈妈看不见的地方，用无数委屈和眼泪熬成了一碗浓浓的药，治好了我的矫情和依赖，成为了可以独挡一面的小大人.#一首歌一个故事 #音乐 #大壮男人字典 @DOU+小助手
41,你想理就理我，不想理就不理我，我的信息，你想看就看，不想看就不看，不想回就不回，就这样吧，我不再对你有期待了…#一首歌一个故事 #音乐 #后来的我们都有了自己的生活 @DOU+小助手
42,良知这种东西，就跟天赋一样，有就有，没有就没有，不存在唤醒！也许你很了不起，但我未必看得起#一首歌一个故事 #经典老歌 #翻唱 #江湖啊@DOU+小助手
43,在这个薄情的年代 不缺笑话 缺真话；不缺感情，缺真情。愿以后的路有人待你如初，疼你入骨，深情不被辜负#一首歌一个故事 #经典老歌 #翻唱
44,有些人，渐渐的就不联系了，不是因为淡了远了，而是因为，没有合适的理由联系，没有合适机会见面，只能放在心里，偶尔回忆，偶尔想念！#一首歌一个故事 #经典老歌 #伤感音乐 #翻唱 @DOU+小助手
45,希望有人把我看透，却不离开我，知道我的糟糕，也明白我的好，我不太会经营关系，最后剩下谁，就是谁了#一首歌一个故事 #经典老歌 #伤感音乐 @DOU+小助手
46,跌跌撞撞已三十多岁，上有养育之恩未还，下有抚育之责要尽，到了这个年纪，自己就是屋檐，再也不能到处躲雨了。#一首歌一个故事 #音乐 #伤感音乐 @DOU+小助手
47,这个世界就这样 有人追你千辛万苦。你不领情。有人什么都没为你做。你确句句都是我愿意。你告诉我什么是爱情#一首歌一个故事 #音乐 #抖音热歌 #凤凰传奇以爱为囚好洗脑 #曾毅中文说唱天花板 @DOU+小助手
48,风风雨雨半生已过，苦辣酸甜尽皆品尝。本想努力拼博实现理想，谁知被岁月扇了无数耳光。这世界在撒谎，梦与想不一样……#一首歌一个故事 #解锁当代网友的绝世文采 #我来人间一趟 @DOU+小助手
49,如果你不曾出现，我还是原来那个我，虽然孤独，但并不孤单，你来时携雨带风，你走时乱了四季，我久病难医#一首歌一个故事 #留不住你也留不住情 #音乐 @DOU+小助手
50,感情这东西，付出遇到对的人，幸福一生；付出遇到错的人，痛苦一世……#一首歌一个故事 #经典老歌 #伤感音乐 @DOU+小助手
51,你可能不知道，只因你短暂的出现，影响了我的一生，你永远也想不到这一程对我有多重要，不怪你，我自己也没想到。#一首歌一个故事 #经典老歌 #翻唱 @DOU+小助手
52,不联系，可能是我最后爱你的方式。愿往后余生我们各自安好，你好好过，我慢慢忘。或许有那么一天，我也会放下所有的执着，带着稍许的遗憾，过着没有你的生活。是放过，是释怀，也是无能为力…#一首歌一个故事 #伤感音乐 #余生再无你 @DOU+小助手
53,后来呢，遗憾还是成了遗憾，我们没有打扰对方，那张朝思暮想的脸，也渐渐变得模糊了#一首歌一个故事 #经典老歌 #伤感音乐 @DOU+小助手
54,这一生究竟要有多幸运，才能遇到那个，满眼都是你，待你如初，疼你入骨，见不得你受半点委屈，倾其所有也要护你周全的人.#一首歌一个故事 #音乐 #经典老歌 #翻唱 @DOU+小助手
55,岁月匆匆，一转眼就老了。遇见过许多人，经历过很多事。在变老的路上优雅从容，一定要善待自己，开心过好每一天 。#一首歌一个故事 #翻唱 @DOU+小助手 #一晃就老了
56,对信任的人，永远不要撒谎，对撒谎的人，永远不要信任。人与人之间，一旦失去信任，再多的弥补也找不回来原来的感觉#一首歌一个故事 #伤感音乐 #抖音热歌 #言而无信 @DOU+小助手
57,你生气可以摔门而出，妈妈却只能洗碗的时候偷偷掉眼泪。长大了，世间的柔情与浪漫，别忘了给妈妈留一份#一首歌一个故事 #经典老歌 #翻唱 @DOU+小助手
58,我就想知道，你是怎么做到，不爱我还来招惹我的#一首歌一个故事 #音乐 #伤感音乐 #不要假装还爱我 @DOU+小助手
59,多深的债啊，十几亿中能都找到你，多薄的情啊，两个人的名字始终不能写在巴掌大的纸上#一首歌一个故事 #伤感音乐 #抖音热歌 #爱过你错过你 @DOU+小助手
60,昨晚做了个梦，梦见我俩见了面， 你笑兮兮的问我，为什么一直看着你，我红着眼问你，为什么丢下我？#一首歌一个故事 #伤感音乐 #抖音热歌 @DOU+小助手#千份情万份爱
61,有那么一种人，跟屎壳郎似的，隔一段时间就跑出来膈应你一下。我的意思是，你安安静静的拱你的屎它不香吗？又没人跟你抢。。。#一首歌一个故事 #经典老歌 #dj @DOU+小助手
62,"人心,一般不会死在大事上,而是那些一次一次的小失望,最终会成为致命伤！#一首歌一个故事 #经典老歌 #翻唱 @DOU+小助手"
63,突然有点迷茫有点难过，人这一生到底为了什么而活着。总是一个人静静的崩溃，然后又一个人默默的自愈#一首歌一个故事 #音乐 @DOU+小助手#歌曲人活着为了啥
64,#苏谭谭怪我太天真 后来才懂了这句话，不是我配不上你，你配不上我，而是，我配不上你的风情万种，你配不上我的深情专一#一首歌一个故事 #音乐 #伤感音乐 #怪我太天真 @DOU+小助手
65,不要去联系那个不属于你的人，你要记住，你可以偷偷难过，也可以情绪崩溃，但不可以拿起手机，发不该发的信息.#一首歌一个故事 #经典老歌 #翻唱 @DOU+小助手
66,我来人间一趟，也想初带锋芒，奈何岁月滚烫，惹我半生惆怅，也丢了最初模样#一首歌一个故事 #音乐 #解锁当代网友的绝世文采 #我来人间一趟 @DOU+小助手
67,他其实并不爱你，只是他寂寞的时候你刚好撞上去，刚好你对他很好，刚好稍微你能入他眼，刚好他来之不拒，一切都只是刚好而已......#一首歌一个故事 #经典老歌 #翻唱 #@DOU+小助手#郑美丽版他不爱我太扎心
68,一晃两三年，匆匆又夏天，有人再见，有人再也不见，这路遥马急的人间。总有人在你心里待了很多年，即使不见，也甚是想念，不知你能否感应我的思念！#一首歌一个故事 #经典老歌 #翻唱 @DOU+小助手
69,人生最大的悲哀，莫过于，家境撑不起理想，能力配不上野心，感情抵不过命运，回报对不住辛苦……#一首歌一个故事 #经典老歌 #音乐 #杯水情歌 @DOU+小助手
70,一个人不孤独，想念一个人才寂寞；一直犯错的人没错，一直原谅的人才有病#一首歌一个故事 #音乐 #伤感音乐 @DOU+小助手
71,别人对我万般好，我都问曾动心，唯独是你，只要咧嘴一笑，我心里遍开满花，或许你只要站在哪里，我都爱不释手。#一首歌一个故事 #经典老歌 #翻唱 ##伤心1999    DJHouse版@DOU+小助手
72,其实你从来就没有喜欢过我，只是在你寂寞的时候遇到了我，刚好我能入你眼，刚好你也来者不拒，而你刚好需要，而我刚好也在，只是刚好而已#一首歌一个故事 #伤感音乐 #抖音热歌 #刚好你有点寂寞 @DOU+小助手
73,我们争吵的时候，我突然停住了，感觉自己像个乞丐一样，不过想让你多爱我一点，可你却想争个输赢，感觉好没意思。#一首歌一个故事 #伤感音乐 #交出自己换来伤彻底 @DOU+小助手
74,其实等不是问题，等多久也不是问题，问题是你能不能等到，这才是一个问题，就像你总不能在一个机场里边儿等一艘船吧。#一首歌一个故事 #经典老歌 #翻唱 @DOU+小助手
75,许多事情你尽力了，就足够了，别去为难自己，每个人都会有一段非常艰难的时光，别折磨自己，别害怕，都会过去的。#一首歌一个故事 #音乐 #经典老歌 @DOU+小助手
76,心酸的是那个能让你笑的人，最后却让你哭了，遗憾的是，那个说陪你到最后的人，最后却提前退了场。#一首歌一个故事 #伤感音乐 @DOU+小助手#歌曲你只是
77,突然就想通了，再喜欢也得结束了。我在乎你，可你不在乎我，那我就放过你，也放过自己，难过是肯定的，总比你敷衍好#一首歌一个故事 #经典老歌 #伤感音乐 @DOU+小助手
78,我来人间一趟，终是负了春光，八字碎了梦想，因果偏了方向，尝尽世态炎凉，只剩一身的伤。#一首歌一个故事 #翻唱 #抖音热歌 #歌曲半生 @DOU+小助手
79,最苦的不是药，而是慢慢吞咽的眼泪，最累的也不是身体，而是一颗受了伤的心，再也愈合不好的痛……#一首歌一个故事 #音乐 #翻唱 #经典老歌 #背叛情歌 @DOU+小助手
80,伸手要来的礼物和爱毫无意义，提醒后的细节分文不值。你懒得再哄，我也懒得再闹，你表现的毫无兴趣，我自然收回我所有#一首歌一个故事 #经典老歌 #伤感音乐 #翻唱 @DOU+小助手
81,也许有一天，当你学会珍惜的时候，有些东西已经不在了。或许只有遗憾，才会让人念念不忘吧。#一首歌一个故事 #音乐 #经典老歌 #翻唱 @DOU+小助手
82,后来才发现，和喜欢的人在一起，除了喜欢，没有一件事顺心。和不喜欢的人在一起，除了没有心动，做什么事都很轻松。#一首歌一个故事 #陈雅森 #我们不再是从前 @DOU+小助手
83,终于有一天，你会知道：公交5分钟一班，地铁9分钟一班，缘份有时候一辈子只有这一班。#一首歌一个故事 #经典老歌 #翻唱 @DOU+小助手
84,一个嗯，一个额，一个哦，一个逗号，一个句号，一个省略号，一个空白格，一句算了，毁了所有想说的话…#一首歌一个故事 #我要上热门 #如果爱你可以作弊 @DOU+小助手
85,每个人都在寻找走丢了的自己，前半生慌慌张张，后半生跌跌撞撞，也许只有自己清楚，自己与从前早已判若两人。#一首歌一个故事 #歌曲半生 #音乐 @DOU+小助手
86,许多事情你尽力了 ，就足够了， 别去为难自己 ，每个人都会有一段艰难的时光 ，别折磨自己 ，别害怕， 都会过去的 ，加油…#一首歌一个故事 #经典老歌 #伤感音乐 @DOU+小助手
87,有些路 ，不走 ，不甘心 ；走了 ，满身伤痕，人生就是这样，无论怎么选选都有遗憾，无论你怎么精心策划，都抵不过命运的安排……#一首歌一个故事 #经典老歌 #翻唱 @DOU+小助手
88,想要的从来不是物质上的东西，只是想要一份真心，一份安全感和一份被在乎的态度，却发现原来这么难#一首歌一个故事 #我要上热门 #经典老歌 #翻唱 @DOU+小助手
89,整个世界都在演戏，别人都在认真演，就你不入戏，当虚伪成为一种常态，清醒便是罪过。”自己不醒悟 他人如何渡 自己若醒悟 何需他人渡！#一首歌一个故事 #我要上热门 #经典老歌 @DOU+小助手
90,回不去的是从前，到不了的是远方 保留不住的是青春，不完美的才是人生。属于你的，永远都在，即使远在天边，不属于你的无法涉及，即使近在咫尺！#一首歌一个故事 #经典老歌 #翻唱 #我要上热门 @DOU+小助手
91,这段感情我真的尽力了，没有后悔遇见你，只是觉得很遗憾。该说的也说了，该做的也都做了。我知道你也累了，别说谎，别为难，我退出就是了！#我要上热门 #一首歌一个故事 #经典老歌 @DOU+小助手
92,一个人不孤独，想念一个人才孤独；一直犯错的人没错，一直原谅的人才有病#一首歌一个故事 #我要上热门 #抖音热歌 @DOU+小助手
93,想不到吧，又到一年盛夏时，你看时间走的多快，好像什么都没来得及做，一年又走了一半，都希望岁月温柔，可岁月又曾饶过谁。#一首歌一个故事 #音乐 #你见岁月饶过谁 @DOU+小助手
94,你许我一生，所爱皆我，我许你一世，满眼是你，繁华落尽与卿同！许你一世情缘，愿你知我心懂我情，陪你天荒地老#一首歌一个故事 #我要上热门 #经典老歌 #我的小花蕊@DOU+小助手
95,心酸的是就是，那个能让你笑的人，心里心里都是你的人，确实最后却让你哭了，遗憾的是，那个说陪你到最后的人，最后，却提前退了场. #一首歌一个故事 #我要上热门 #经典老歌 #翻唱 @DOU+小助手
96,进退两难的年纪皆是生活，我们都不物质，只是生活需要，过得力不从心，却又不敢泄气，好像什么都来得及，又好像什么都无能为力，好像什么都有希望，又好像一切都遥不可及……#一首歌一个故事 #翻唱 #经典老歌 @DOU+小助手
97,其实，忘记一个深爱过的人，就像一次刮骨疗伤的过程，真正爱过的人，又怎能说忘就能忘……都说时间可以冲淡一切，可又有谁知道，这个时间是多久#一首歌一个故事 #我要上热门 #音乐 #忘记你我永远也学不会 @DOU+小助手
98,最难过的，是你遇见了，得到了，又匆忙的失去了，然后在你心里留了一道疤，它让你什么时候疼，你就得什么时候疼……#一首歌一个故事 #我要上热门 #悲伤追我患了忧郁@DOU+小助手
99,受的委屈多了，争吵只能让自己更伤心，所以选择了不争辩。再后来就不想说话。不想联系任何人，除了自己挣钱存着，对任何事都热情不起来#一首歌一个故事 #我要上热门 #音乐 @DOU+小助手
100,时间从来不是治愈一切的解药，它只是将原来重要的变成了不再重要，将当初撕心裂肺的变成坦然一笑的#一首歌一个故事 #我要上热门 #经典老歌 #翻唱 @DOU+小助手
101,某人，你知道吗？你是我念念不忘，又爱而不得的心酸，你是我自罚三杯，也不肯开口的秘密，你是我三旬已致，也不想放下的惦念，。总有人间一两风，填我十年八千梦！#一首歌一个故事 #抖音热歌 #你是我念念不忘的深情 @DOU+小助手
102,我要的已经很少了，可你还是顾不上我，但凡你有一点心疼我，就不会让我难过。那就算了，我也不要了，你慢慢敷衍，我慢慢退场！#一首歌一个故事 #我要上热门 #音乐 @DOU+小助手
103,最近很喜欢的一段话，如果无能为力，那就顺其自然，如果心无所待，那就随遇而安。#一首歌一个故事 #音乐 #我要上热门 @DOU+小助手
104,以前总以为只有秘密不能说，现在才知道，委屈和心酸也不能说。如果有天有幸被人看穿我的撑强，我一定卸下所有伪装！#一首歌一个故事 #我要上热门 #爱似水仙 #经典老歌 #翻唱 @DOU+小助手
105,情绪这东西，是真心不好控制，开心的时候，空气都是甜的，心烦的时候，连呼吸都是困难的，只有自己能体会 疲惫的时候心里有多难受#一首歌一个故事 #我要上热门 #曲中人 #翻唱 @DOU+小助手
106,我们终于不再联系了，放下一个爱到骨子里的人有多难，明明那么好突然就陌生了，故事以你打扰开始，从我多余结束…#一首歌一个故事 #我要上热门 #音乐 #试着断了联系 @DOU+小助手
107,孤独大概就是，不想打扰任何人，刷着抖音听着歌，在别人的故事里领悟人生，没有惊喜，没有期待，没有了念想…#一首歌一个故事 #音乐 #抖音热歌 #我是夜里的孤独 @DOU+小助手
108,有时候你选择与某人保持距离，不是因为不爱了，而是你清楚的知道，他不属于你。人生遇到每一个人，出场顺序真的很重要，如果换一个时间认识，就会有不同的结局！#一首歌一个故事 #我要上热门 #音乐 #经典老歌 @DOU+小助手
109,没什么可以抱怨的。所有的开心和难过所承受的一切，都是为之前的决定买单，人生没有白走的路，每一步都算数#一首歌一个故事 #音乐 #寂寞烟花雨 @DOU+小助手
110,我什么苦都能吃，唯独吃不下委屈，一个眼神一个动作伤到我，我都会难过沉默，没有为什么#一首歌一个故事 #经典老歌 #翻唱 @DOU+小助手
111,唯有 心里有你的人，才会愿意去照顾你的情绪，也唯有 把你看的很重的人，才能和你站在一起，和你同悲欢，共欢喜#一首歌一个故事 #音乐 #抖音热歌 @DOU+小助手
112,你在的时候，我觉得挺平常的，日子简单舒服安静。你走以后，我才知道，那种感觉多难得，你多可贵……#一首歌一个故事 #我要上热门 #经典老歌 #翻唱 @DOU+小助手
113,我这人，就这德性，别拿我和别人比，你受得了就受，受不了就滚，从今往后要么温柔，要么狠，有人揪你头发，你就一瓶子砸回去，这叫礼尚往来。”懂了么？#一首歌一个故事 #我要上热门 #经典老歌 @DOU+小助手
114,人生就是一场因缘的遇见，有些人相见恨晚，有些人如烟消散，有些人陪伴身边，有些人留在心间…#一首歌一个故事 #经典老歌 #音乐 #翻唱 @DOU+小助手
115,人们总是把幸福解读为“有”，有车有房有钱有权，爷爷却说：幸福是“无”，无忧无虑无病无灾，心态放好，知足常乐”#一首歌一个故事 #音乐 #爷爷说 @DOU+小助手
116,别说谎，有没有那么一个人，曾经让你发了疯想，如今让你拼了命的忘#一首歌一个故事 #音乐 #抖音热歌 #你成了我闭口不谈的人 @DOU+小助手
117,自己不醒悟，他人如何渡？自己若醒悟，何须他人渡？别人早已放下，只是你不肯放过自己#一首歌一个故事 #我要上热门 #音乐  @DOU+小助手
118,要是没有一点死扛硬撑的本事，还真不一定能活到现在，明明是个凡人，却像要修成正果一样让我经历九九八十一难，老天爷，您费心了！#一首歌一个故事 #我要上热门 #音乐 #九九八十一难@DOU+小助手#香子九九八十一难
119,"以前，宁愿错，也不愿错过
现在，宁愿错过，也不愿意一错再错……#一首歌一个故事 #我要上热门 #音乐 #错上加错 @DOU+小助手"
120,不要疑惑为什么别人会一直伤害你，问问自己为何你一直允许这种事情发生#一首歌一个故事 #抖音热歌 #指着心脏说 @DOU+小助手
121,我比你更早发现我们不合适，但是我舍不得，我想尽办法把不合适变得合适，即便我一点不快乐，可惜，最后也没留住你#一首歌一个故事 #我要上热门 #音乐 #留住你还是放下你 @DOU+小助手
122,没有人愿意听你的苦难，上帝太忙了，人们太累了。苦难是一杯酒，夜深人静的时候，就着你的眼泪喝下去#一首歌一个故事 #我要上热门 #音乐 #我们在矛盾中活着 @DOU+小助手
123,再合适的两个人如果不去关心，慢慢就陌生了；再深的感情不去呵护，慢慢就变淡了，冷落久了习惯了，以后就再也不需要了#一首歌一个故事 #我要上热门 #音乐 #错失的爱 @DOU+小助手
124,我改不掉一生气就不说话，一委屈就掉眼泪，一难受就不吃饭，永远都是先惩罚自己这个坏毛病#一首歌一个故事 #经典老歌 #抖音热歌 @DOU+小助手
125,所有的历练，换来的都是成长 。人总是以自己不喜欢的方式成熟着 ，能自己扛 ，就别声张 ，做个勇敢的女人 ，去迎接命运给的一切……#一首歌一个故事 #我要上热门 #音乐 #一个人的历练@DOU+小助手
126,钟表能回到原点，但再也不是昨天。和过去告个别吧，也许那些你失去的，正是你本不该拥有的。不是那个人的离开让你难过，而是你离开了那个让你难过的人#一首歌一个故事 #我要上热门 #音乐 #经典老歌 @DOU+小助手
127,有些事想开了，你就会明白，在世上，你就是你，你痛痛你自己，你累累你自己，就算有人同情你，那又怎样，最后收拾残局的还是要靠你自己#一首歌一个故事 #我要上热门 #歌曲残局 @DOU+小助手
128,看不见的伤痕最疼，流出来的眼泪装满委屈，心酸一个人慢慢品尝就好，难过一个人承受就好.#一首歌一个故事 #音乐 #情感音乐 #七分心碎三分醉 @DOU+小助手
129,我不是梯子没有那么多台阶给你下，每次主动化解尴尬是不想让矛盾继续放大。有一句话你要明白 ，不叫地主，不代表我没有王炸#一首歌一个故事 #我要上热门 #经典老歌 @DOU+小助手
130,该经历和不该经历的全都经历了，该忍受和不该忍受的都一一吞下了，还畏惧什么，人生无非两种结果，见效了和见笑了#一首歌一个故事 #我要上热门 #等一分钟 #经典老歌 @DOU+小助手
131,毕业时，离校的那天好热、也很蓝，我去了那个咱们经常去的小饭馆，要了瓶冰镇🍺，突然意识到，这一别，有些人这辈子再也不会相见了#一首歌一个故事 #音乐 #我要上热门 #青春余生 @DOU+小助手
132,@能让我变温柔的，一定是给了我极致的爱，能让我变暴躁的，一定是让我受尽了委屈#一首歌一个故事 #音乐 #最近情绪有点乱 #情感音乐 @DOU+小助手
133,很喜欢的一段话：“如果都在用心，那将会走得很远，亲情是，爱情是，友情是，任何关系都是#一首歌一个故事 #经典老歌 #翻唱 #抖音热歌 @DOU+小助手
134,这个世界上最好的放生，就是放过自己，不要和往事过不去，因为它已经过去，不要和现实过不去，因为你还要过下去。#一首歌一个故事 #经典老歌 #我要上热门 #爱你一万年 @DOU+小助手
135,后来呢，遗憾还是成了遗憾，我们没有打扰对方，那张朝思暮想的脸，也渐渐变得模糊#一首歌一个故事 #经典老歌 #情感音乐 @DOU+小助手
136,或许有那么一天，我放下所有的执着和不甘，带着稍许的遗憾，过着没有你的生活，是释怀，是放过 也是无能为力#一首歌一个故事 #音乐 #抖音热歌 #不能放弃 @DOU+小助手
137,有人说了几次“再见”还是不肯离开，有人一句不说就消失在人海。也有人说“再见”是个约定，也有人拿它当成摆脱…#一首歌一个故事 #经典老歌 #我要上热门 #再见 @DOU+小助手
138,这辈子很短，希望开头是你 ，结尾是你 ，余生都是你 。我目光短浅， 眼里只有你 ，我有两个心愿 ，你在身边， 在你身边 ，因为我只想爱你#一首歌一个故事 #翻唱 #我要上热门 #抖音热歌 @DOU+小助手
139,最苦的不是药，而是慢慢吞咽的眼泪，最累的也不是身体，而是一颗受了伤的心，再也愈合不好的痛！#一首歌一个故事 #音乐 #翻唱 #抖音热歌 @DOU+小助手
140,只要你心够狠，夜夜崩溃的就不是你，放不下别人的时候，多想想别人是怎么放下你的，对自己狠一点，放下也就解脱了…#一首歌一个故事 #我要上热门 #抖音热歌 @DOU+小助手#指着心脏说
141,以前总搞不明白，两个互相喜欢的人，为什么不能一直走下去，现在知道了，原来是有个人在撒谎#一首歌一个故事 #经典老歌 #翻唱 #我要上热门 @DOU+小助手
142,好像什么都来得及，又好像什么都无能为力。好像什么都有希望，又好像什么都遥不可及。人总是各有苦衷和不甘平庸！#一首歌一个故事 #翻唱 #抖音热歌 #我要上热门 @DOU+小助手
143,最难过的大概就是：你明知道他没那么喜欢你，你却不能停止喜欢他，他的承诺就像街上的宣传单，你却相信为真。你不难过谁难过…#一首歌一个故事 #音乐 #路过我的心偷了我的魂 #我要上热门 @DOU+小助手
144,我希望，相逢的人再也不走散，走散的人再也不相逢。#一首歌一个故事 #经典老歌 #抖音热歌 @DOU+小助手
145,每个卑微的灵魂深处，都藏着一份无人言说的苦涩，别人觉得你无坚不摧，却不知道你笑容背后，苦熬了多少春秋#一首歌一个故事 #音乐 #我要上热门 #丹青集 @DOU+小助手
146,在无知的年纪做了选择，在懂事的年纪一直在承担着后果。任何一次选择都有它应对的结果，愿赌服输，别无选择#一首歌一个故事 #经典老歌 #翻唱 #我要上热门 @DOU+小助手
147,“儿孙自有儿孙福，莫为儿孙作马牛”，在这个物质利益乱纷纷的时代里，你说这句老话是对还是错？#一首歌一个故事 #音乐 #我要上热门 #爷爷说 @DOU+小助手
148,你在我心里的位置连我自己都羡慕，别问我爱你有多深，我连你爱别人我都能接受，可换来却是一句“咱们不合适”#一首歌一个故事 #音乐 #我要上热门 #苦果自尝 @DOU+小助手
149,这一生究竟有多幸运，才能遇到那个待你如初，疼你入骨，陪你颠沛流离，陪你风雨依旧，见不得你受半点委屈，倾其所有也要护你周全的人！一生何求，有你足以！#一首歌一个故事 #翻唱 #520快乐 #掌心之中 #翻唱 @DOU+小助手
150,后来我才明白，原来要真的对一个人没有了念头，还是要靠对方的绝情，一直犯错的人没有错，一直原谅的人才有病#一首歌一个故事 #音乐 #你变了心我死了心 @DOU+小助手
151,前半生不懂的太多，后半生太多的不想懂，所有灿烂的时刻，最终都会被所岁月淹没。真正重要的，不是生命里的岁月，而是，岁月里的生活！#一首歌一个故事 #经典老歌 #我要上热门 @DOU+小助手
152,有些事，明知道是错的，却还要坚持，因为不甘心；有时候，明知道没路了，却还要前行，因为习惯了。#一首歌一个故事 #时间解药 #音乐 @DOU+小助手
153,一辈子很短，如果不小心爱错了人一定要学会适可而止，你要掏心掏肺，得到的只有撕心裂肺#一首歌一个故事 #音乐 #七分心碎三分醉 #我要上热门 @DOU+小助手
154,如果有一个女人，无条件的对你好，却不舍得花你的钱，信息经常秒回，请一定要远离她，因为…她是傻子…#一首歌一个故事 #音乐 #以后嫁的他 @DOU+小助手 #我要上热门
155,人这辈子，总是在等，等下次，等不忙，等有条件，等有时间了，可后来 等没了选择，等来了遗憾……#一首歌一个故事 #翻唱 #音乐 @DOU+小助手
156,知道为啥每包香烟都敢写“吸烟有害健康”吗？因为知道你离不开它，所以才敢肆无忌惮得伤害你。太执着于某种感情，只会让你收不了场#一首歌一个故事 #一程缘分一生伤 #抖音热歌 @DOU+小助手
157,初闻不知曲中意，再闻已是曲中人。 既然已成曲中人，何必再听曲中曲。 曲中轻忆梦中人，梦醒时分叹红尘。 曲终人散梦已醒，何处在寻梦中人。 既知故人存于梦，何故执于异世人。 #一首歌一个故事 #抖音热歌 #曲中意 @DOU+小助手
158,人生没有如果，只有回不去的昨天和看不到的明天，老歌只能重听，往事只能回味，岁月不会重来。#一首歌一个故事 #音乐 #翻唱 #经典老歌 @DOU+小助手
159,这些年来太懂事了，是我人生最大的败笔，这个懂事，是懂别人的事，理解别人的苦处，容易心软被打动，却忘了爱自己#一首歌一个故事 #520 #520文案 #音乐分享 @DOU+小助手
160,把自己还给自己，把别人还给别人，让花成花，让树成树，山水一程，从此再不相逢，愿来生，不想，不念，不见…#一首歌一个故事 #音乐 #和自己的对话 #伤感音乐 @DOU+小助手
161,无论你活成什么样子，都会有人说三道四。这个世界我们只来一次，不妨自由洒脱一点，见我们想见的人，看喜欢的风景，做一些喜欢的事情。#一首歌一个故事 #音乐 #音乐分享 #酒是我大哥 @DOU+小助手
162,没必要和没必要的人，去说些没必要的话，让后产生一些没必要的情绪，思想不在一个高度，尊重就好，三观不在一个层次，微笑就好#一首歌一个故事 #音乐 #翻唱 @DOU+小助手#刘晓超旧梦DJ
163,最好的生活也许就是，忙有所值，闲有所趣，不是生活有意思，是你热爱生活了，它才有意思！#一首歌一个故事 #音乐 #三两三 #抖音热歌 @DOU+小助手
164,无数个我需要你的瞬间，我都选择了闭嘴，你不懂我的突然的沉默，又怎么懂我不想说的难过#一首歌一个故事 #音乐 #歌曲这一程 #音乐分享 @DOU+小助手
165,喝了点酒，微醺的感觉刚刚好，恰到好处点到为止，没有清醒时的过分冷静，也没有烂醉时的过分放肆”#一首歌一个故事 #经典老歌 #翻唱 @DOU+小助手
166,听到一些事，明明不相干的，也会在心中拐好几个弯想到你，虽然远隔千山，虽然不再联系，有的人在心里就是抹不去#一首歌一个故事 #音乐 #流浪在没有你的城市 #音乐分享 @DOU+小助手
167,一句“我没事”藏着千万句说不出的委屈，一句“我很好”却捂着一颗支离破碎的心，一句“习惯了”代替了所有的一言难尽！#一首歌一个故事 #音乐 #音乐分享 #爱如利剑情如刀 @DOU+小助手
168,后来才明白，让我失望的人怎么可能只让我失望一次。要走的人你再怎么留，不过是谎言在找借口#一首歌一个故事 #要走的人 #音乐 #伤感音乐 @DOU+小助手
169,你哭什么呢！是他输了，他再也遇不到像我这样纯粹又勇敢的女人了，再也遇不到像我一样什么都不图，心甘情愿付出一切的人了#一首歌一个故事 #先分手再难过 #音乐 #音乐分享 @DOU+小助手
170,我坚持不和你说话，试着疏远你，是因为我知道，我不能拥有你，有些爱，只能止于唇齿，掩于岁月，敬而远之#一首歌一个故事 #翻唱 #经典老歌 #忘忧草 @DOU+小助手
171,我在看见一个人很像你，于是瞬间我特别紧张，我渴望是你，又害怕是你，直到走近看清不是你，我庆幸不是你，又“遗憾”不是…#如果今生失去了你#一首歌一个故事 #音乐 @DOU+小助手
172,其实你不必那么冷淡，我从没想过要纠缠你，你敷衍的那么明显，我怎能不知，其实你我之间，只要我一转身便结束了#我的不打扰是你最想要的吗 #一首歌一个故事 #翻唱 #音乐分享 @DOU+小助手
173,有些事不能言，不能语，只能自己默默承受，一个人的路，一个人走，一个人的痛，一个人懂，没有感同身受，只有冷暖自知…#一首歌一个故事 #音乐 #伤感音乐 #曲中人 @DOU+小助手
174,曾经的曾经 ，只是曾经 ；以后的以后 ，各自安好。余生的日子里别再打扰，在梦里也不行#一首歌一个故事 #翻唱 #经典老歌 #想起 @DOU+小助手
175,:如果有一个女人，无条件的对你好！不舍得花你的钱，信息还秒回，那就远离她！因为…她是个傻子。#一首歌一个故事 #音乐 #经典老歌 @DOU+小助手
176,没人知道你到三四点还睡不着，也不会有人明白你在熬什么，那些回不去的，总有它回不去的道理#一首歌一个故事 #音乐 #伤感音乐 #最怕听懂一首歌 @DOU+小助手#困不困
177,生活不会因为你的弱小而可怜你，更不会因为你的伤心放过你。没有人会在意你受了多少委屈，他们只会在你情绪爆发的时候指责你不懂事！#一首歌一个故事 #音乐 #伤感音乐 #生活不会可怜谁 @DOU+小助手
178,很治愈的一段话: “粗茶淡饭不要紧，朋友散场没关系，兵荒马乱也无所谓，只要你拥有热气腾腾的灵魂，日子就不会差.#一首歌一个故事 #伤感音乐 #音乐 #刘振宇人生如歌 #抖音热歌 @DOU+小助手
179,无论世界如何待你，你都得热爱这世界，因为那是你的世界；无论别人如何待你，你都得热爱#一首歌一个故事 #翻唱 #音乐 @DOU+小助手 #镜子里是谁
180,字字不提思念，却句句都是想念，字字不提孤单，却句句都是孤独，句句不提你，却句句是你#一首歌一个故事 #音乐 #句句不提句句是你 #伤感音乐 @DOU+小助手
181,今天看到一句话：系统都有人维护、你却没有，心突然疼了一下、假如可以时光倒流，最想做的是什么，别遗憾。#一首歌一个故事 #翻唱 #经典老歌 @DOU+小助手
182,慢慢来吧，等我熬过了这股劲，我也会放下的，我又不是输不起，只是有点心疼自己傻傻的付出，就算结局不如我意，我也会为我当初明知不可为而为之买单！#一首歌一个故事 #音乐 #伤感音乐 #最怕听懂一首歌 #掐不灭的思念 @DOU+小助手
183,如果不爱了，就好好和我说，别整天满嘴谎言和敷衍，还有你那无所谓的态度，一点都对不起最初的相遇，和那些相互陪伴的日子…#遗憾不甘 #一首歌一个故事 #音乐 #伤感音乐 @DOU+小助手
184,我希望，相逢的人再也不走散，走散的人再也不相逢。#一首歌一个故事 #热门音乐 #经典老歌 #翻唱 @DOU+小助手
185,不联系的日子、到底是越来越想念、还是彼此都在遗憾忘。让时间说真话，对了最好，错了就是经历。#一首歌一个故事 #热门音乐 #伤感音乐 #想你的时候问月亮 @DOU+小助手
186,到这个点，你还没有睡，是没有人和你说晚安，还是你心里有一个不可说的秘密#一首歌一个故事 #音乐 #热门音乐 #失恋的人怕孤独 @DOU+小助手
187,其实你我都明白，时间虽然是一味药，但只能治疗皮外伤。内心深处的伤痛会随日子慢慢发酵，只会更加痛疼#一首歌一个故事 #热门音乐 #时间解药 @DOU+小助手
188,人生没有如果，失去的不再回来，这无言的结局，一点都配不上当初的相遇。#一首歌一个故事 #经典老歌 #伤感音乐 @DOU+小助手
189,很心酸吧……曾经那个和你聊天到深夜，做什么都会告诉你，忙完了，第一时间找你聊天的人，终于和你无话可说了...#一首歌一个故事 #热门音乐 #催泪情书 #翻唱 #伤感音乐 @DOU+小助手
190,有时候你选择与某人保持距离，不是因为不爱了，而是你清楚的知道，他不属于你。人生遇到每一个人，出场顺序真的很重要，如果换一个时间认识，就会有不同的结局！#音乐 #热门音乐 #一首歌一个故事 #以后嫁的他@DOU+小助手
191,你哭什么呢！是他输了，他再也遇不到像我这样纯粹又勇敢的女人了，再也遇不到像我一样什么都不图，心甘情愿付出一切的人了#一首歌一个故事 #热门音乐 #最近情绪有点乱 #音乐 @DOU+小助手
192,人生，总有太多的来不及，一眨眼就是一天，一回头就是一年，一转身就是一辈子，未知的一切，时刻在提醒我们，世是无常，珍惜当下，人生并没有那么多来日方长#一首歌一个故事 #热门音乐 #音乐 @DOU+小助手
193,后来我才明白，原来要真的对一个人没有了念头，还是要靠对方的绝情。#一首歌一个故事 #翻唱 #经典老歌 @DOU+小助手
194,被人一暖就热，一冷就冰，原谅我这一生太过爱恨分明，脆弱又敏感，嘴硬又心软，说了最狠的话，做了最善良的人！#一首歌一个故事 #热门音乐 #你是我的宝贝 @DOU+小助手
195,夜晚那种躺在床上，眼泪划过鼻梁，流进另一只眼睛，再流到枕头上，再染湿了头发，鼻塞到窒息，那种感觉你有过吗？#一首歌一个故事 #一个人的夜晚怕天黑 #热门音乐 @DOU+小助手
196,先说爱的人总是先离开，后动心的人总是难以释怀。 都说时间可以磨灭一切，可那钻心的痛留给你的是永远的疤#一首歌一个故事 #热门音乐 #伤感音乐 @DOU+小助手
197,不如就此别过吧，不然那烂尾的结局定会夺去故事该有的光和诗意。其实生活早就教你说再见，只是你一直以为可以挽回#一首歌一个故事 #热门音乐 #歌曲说再见 #伤感音乐 @DOU+小助手
198,一见生情容易，白头到老太难。不是缘分不够巧，不是相遇太过早，而是我的深情专一接受不了你的短暂的温情#一首歌一个故事 #一场缘 #音乐 #伤感音乐@DOU+小助手
199,其实你不必那么冷淡，我从没想过要纠缠你，你敷衍的那么明显，我怎能不知，其实你我之间，只要我一转身便结束了#一首歌一个故事 #最初的依靠 #热门音乐 @DOU+小助手
200,不要因为小事闷闷不乐，万般磨难都会过去，不信你回头看，不知不觉已经度过了多少苦难。早安，追梦人#一首歌一个故事 #热门音乐 #经典老歌 #翻唱 @DOU+小助手
201,不要星河滚烫 ，不用柔情满腔 ，这都不及你在身旁日夜陪伴，都不如陪你去流浪，潇洒四方#一首歌一个故事 #音乐 #和你去流浪 @DOU+小助手
202,有人想见我，我却百般推辞；你站在那什么都不用做，我却每天想见你；你说，是我不知道好歹还是你不知好歹…#别再旧事重提 #热门音乐 #一首歌一个故事 @DOU+小助手
203,人间枝头，各自乘流，各有渡口，各有归舟，人前一杯酒，各自饮完，人后一片海，各自上岸，走好自己的路…真心的人没有几个#一首歌一个故事 #热门音乐 #真心的人没有几个 #伤感音乐 #翻唱 @DOU+小助手
204,"留下你一句你很早就想说的话，开头用“我打碎了夕阳_________”。
1， 我打碎了夕阳，洒在你的身上，你有了圣光，我黯然退场。
2，我打碎了夕阳，把青春留给边疆；看万家灯火，可有一盏为我亮
3，我打碎了夕阳，点缀了满天星空。看着你灿烂的笑容，我暗自悲伤。
4，我打碎了夕阳，泪水落在脸上，你背起行囊，离开我的梦想。微风拂过的山岗，全是我们的过往。
5，我打碎了夕阳，承受一切忧伤。披上坚强的铠甲，看尽人事沧桑。也只为碎银几两……
6，我打碎了夕阳，揉进一束光，穿过你的心房。从此，不再遗忘！
7，我打碎了夕阳，残影斑驳无光，只落一地牵挂，慢慢关闭门窗，纵使万般无奈，也望心间无伤。#一首歌一个故事 #热门音乐 #我打碎了夕阳 @DOU+小助手"
205,岁月渐深，人心渐老，许多以前不曾相信的东西，现在都信了，比如命运、缘分、轮回、因果…#一首歌一个故事 #音乐 #热门音乐 #时光列车@DOU+小助手
206,"1，其实那些用心经营却得不到的东西，真的让人很心酸。
2，你走了真会，要不然总担心你会走。
3，为什么你的收场，就像从没有爱过我一样。
4，人生三大幸事，被惦记，被理解，被爱，可我一样没有。
5，错过的感情了，一定有人一开始就在说谎。#一首歌一个故事 #要走的人 #热门音乐 @DOU+小助手"
207,有人说等一个人很痛苦 ，也有人说忘记一个人很痛苦。其实，最痛苦的是，你不知道该等还是该忘记……#一首歌一个故事 #晚风作酒 #热门音乐 @DOU+小助手
208,人这一辈子，有人笑话你，有人羡慕你，有人嫉妒你，有人看不起你，还有人误会你，没关系，生活就这样，做自己就好…#一首歌一个故事 #经典老歌 #翻唱 #一生有你@DOU+小助手
209,曾经美好的曾经美好的誓言，都是昙花一现，曾经拥有的世界，都是沧海桑田。曾经的曾经已成为久远的历史，当初的当初只能在记忆中找回#一首歌一个故事 #没有你的乌鲁木齐下起了雪 #音乐 @DOU+小助手
210,独上西楼，与你相遇的时空穿梭里。如果邓丽君没有去世，今年也要过70岁生日了，AI版邓丽君的声音一秒拉回。邓丽君逝世27周年，永远忘记不了她的容貌。用了16首她的经典歌名，串起27年的想念《没寄出的信》#音乐 #热门音乐 #一首歌一个故事 @DOU+小助手#没寄出去的信
211,父母是这个世界上，你花心思花时问最少 但却是最爱你的人 ，妈妈温柔了整个岁月 爸爸罩住了整个家，有时候会特别害怕他们老去的速度 ，他们把心铺成路，还怕我们磕了脚#一首歌一个故事 #感恩父母 #致敬母亲 #经典老歌 @DOU+小助手
212,缝缝补补是母爱，唠唠叨叨是母爱，半生操劳是母亲。身负重任的子女，被赋予母亲的角色，便如那坚韧的磐石，把宠溺都给予子女。#我心中最好的妈妈 #一首歌一个故事 #母亲节 #妈妈的唠叨@DOU+小助手
213,生活就是这样，别人只看结果，自己独撑过程，面对生活，我们除了坚强，就是继续，别无选择，路可以回头看但不能回头走#人生如歌 #一首歌一个故事 #翻唱 #音乐 @DOU+小助手
214,人其实挺可怜的，喜欢的得不到，得到的不珍惜，在一起的相互怀疑，失去的又怀念，怀念的想见面，相见的又恨晚，终其一生皆是遗憾。#一首歌一个故事 #音乐 #热门音乐 #晚风作酒 @DOU+小助手
215,曾以为我命我不由天，当经历生活的无能为力，面对现实中的种种无可奈何，才明白，万般都是皆为命，半点不由人#一首歌一个故事 #经典老歌 #翻唱 #无奈的思绪@DOU+小助手
216,那种躺在床上，眼泪划过鼻梁，流进另一只眼睛，再流到枕头上，再染湿了头发，鼻塞到窒息，那种感觉你有过吗#一首歌一个故事 #曲中人 #热门音乐 #伤感音乐 @DOU+小助手
217,再温暖，暖不过妈妈的怀抱！ 再深情，深不过妈妈的牵挂 ！祝天下所有的妈妈健康长寿！平安喜乐！#一首歌一个故事 #翻唱 #经典老歌 @DOU+小助手
218,最舒服的关系，聊天懂你，说话忍你，心里装你，做事帮你，我懂你的眼神，你懂我的欲言又止，我知你意，你懂我心#音乐 #一首歌一个故事 #经典老歌 #翻唱 @DOU+小助手
219,前半生不懂的太多，后半生太多的不想懂，所有灿烂的时刻，最终都会被所岁月淹没。真正重要的，不是生命里的岁月，而是，岁月里的生活！#音乐 #一首歌一个故事 #热门音乐 #我被岁月催着老 #抖音热门 @DOU+小助手
220,上天不给我的，无论我十指怎样紧扣，仍会漏走，给我的，我无论怎样失手都会拥有……#一首歌一个故事 #音乐 #翻唱 #伤感音乐 #秋风落叶@DOU+小助手
221,有人想见我，我却百般推辞；你站在那什么都不用做，我却每天想见你；你说，是我不知道好歹还是你不知好歹…#一首歌一个故事 #心碎成二维码 #热门音乐@DOU+小助手
222,喜欢你的人，永远不会嫌你烦，想念你的人，永远都比你主动，在乎你的人，永远对你都包容，而被爱的人，永远都是心中有爱，眼中有光。钟情于你、忠诚于你、衷心于你、终止于你。#一首歌一个故事 #经典老歌 #热门音乐 @DOU+小助手
223,如果你觉得腻了，我们就先分开一段时间，我先消失一会，等你想我了，我们再重新开始，我会慢慢变好，等待和你的第二次缘分，如果你没有我会更开心的话，那我就站在这不争不抢的看着你爱别人”#一首歌一个故事 #为你我愿意把所有放弃 #音乐 #抖音热门 @DOU+小助手
224,你可能不知道只因你短暂的出现，影响了我一生。你永远也想不到这一程对我来说有多重要。不怪你，我自己也没想到#一首歌一个故事 #歌曲这一程 #音乐 #热门音乐 @DOU+小助手
225,最苦的不是药，而是慢慢吞咽的眼泪，最累的也不是身体，而是一颗受了伤的心再也愈合不好的痛#一首歌一个故事 #音乐 #经典老歌 #心碎成二维码 @DOU+小助手
226,你携风带雨而来，我无处可避，你走时乱了四季，我久病难医，说不上你哪里好，就是在心里总也忘不了#一首歌一个故事 #经典老歌 #翻唱 @DOU+小助手
227,希望这个爱哭、爱笑、爱瞎想的女人，调整好心态，拐个弯，与自己和解，一切都是最好的安排，未来会越来越好#一首歌一个故事 #音乐 #热门音乐 #月老请上线 @DOU+小助手
228,我在看见一个人很像你，于是瞬间我特别紧张，我渴望是你，又害怕是你，直到走近看清不是你，我庆幸不是你，又“遗憾”不是…#一首歌一个故事 #音乐 #皆是他 #抖音热歌 @DOU+小助手
229,你不快乐的原因，可能是你一直执着着不该执着的执着，习惯着不该习惯的习惯，比如你此时此刻，做着无意义的思念#一首歌一个故事 #音乐 #深夜里 #抖音热门 @DOU+小助手
230,心情不好的时候，宁愿找个没人的地方，不去打扰任何人，自己一个人静下来，就算你说晚上有太阳，我都不想去辩解了#一首歌一个故事 #音乐 #伤感音乐
231,是细节不够伤人，还是敷衍不够明显，非要在玻璃渣子里找糖吃，伤嘴还伤胃，扎心还崩溃…#一首歌一个故事 #热门音乐 #不该心动 #就怕歌词入了心 @DOU+小助手
232,花开花谢，四季轮回，人生道场，皆为过客，人生无须惊天动地，但愿走一回潇洒，赏一路风华#一首歌一个故事 #热门音乐 #翻唱 #潇洒走一回 @DOU+小助手
233,你只字未提喜欢，却满眼都是思念，你从未说出孤独，却句句都是孤单，说不上你哪里好，就是在我心里谁也代替不了#心上人 #一首歌一个故事 #音乐 #翻唱 @DOU+小助手
234,我们都在不同的风景，相同的时光里走走停停，或南或北，都在用不同的方式成长，谁也不轻松。但愿繁花落尽，你我心中仍有花开的声音。一半春色以染心。一半诗意以从容余生#我们这个年纪的人 #一首歌一个故事 #热门音乐 @DOU+小助手
235,前半生不懂的太多，后半生太多的不想懂，所有灿烂的时刻，最终都会被所岁月淹没。真正重要的，不是生命里的岁月，而是，岁月里的生活！#一首歌一个故事 #音乐 #抖音热门 @DOU+小助手
236,没资格吃的醋最酸，先动情的人最惨，没有身份的占有欲最可怕，不受控制的情绪可悲又可笑，其实在别人心里啥也不是#一首歌一个故事 #经典老歌 #伤感音乐 #就怕歌词入了心 @DOU+小助手
237,世上最幸福的事莫过于：“有人信你，有人陪你，有人懂你，有人宠你，有人等你，而原因是因为爱你。”#一首歌一个故事 #音乐 #热门音乐 #朝思暮想 @DOU+小助手
238,后来听故事的人成了讲故事的人，讲故事的人成了故事里的人，故事里的人反反复复听着这首#曲中人 #一首歌一个故事 @DOU+小助手 #音乐
239,“小人间，小县城，小人物，小欲望，小美好，小安慰，小快乐”#一首歌一个故事 #音乐 #经典老歌 @DOU+小助手
240,习惯晚睡，终于把自己熬成了一个不想聊天，也不想主动去联系谁，厌倦了人情世故，圈子小到只有手机，一个人享受这份孤独，舒服又简单。#一首歌一个故事 #致敬平凡的你 #热门音乐 #经典老歌
241,世界上最好的默契是～有人懂你的欲言又止，懂你的言外之意，理解你的艰辛苦难，看过你狼狈的样子后，依然陪在你身边！#一首歌一个故事 #音乐 #兰陵香 @DOU+小助手 #热门音乐
242,自己的路想咋走咋走，别人的嘴爱咋说咋说，这个世界就是这样，你做的再好，没人看见，你做的不好，会人人埋怨……#一首歌一个故事 #致敬平凡的你 #音乐 #经典老歌
243,有什么抵得过心甘情愿，又有什么蠢得过自欺欺人，心灰意冷的那一刻，所有的失望都不值得一提#一首歌一个故事 #翻唱 #经典老歌 #抖音热门
244,内心有深情的人，往往表面平静如水。她把一份孤意与深情交给了时光，日子久了，便活成了一副繁华不惊的模样。#一首歌一个故事 #翻唱 #热门音乐 #一个多情又无情的人
245,其实我很想问问你，有没有那么一瞬间心疼我的执着，体谅我的卑微，看出来我的无助，有没有那么一瞬间是爱我的#一首歌一个故事 #翻唱 #经典老歌 #热门音乐
246,多深的债啊，十几亿人都能找到对方，多薄的情啊，两个人的名字始终不能同时写在巴掌大的结婚证上#一首歌一个故事 #翻唱 #经典老歌 #热门音乐
247,时间磨平了棱角，盗走了青春，现在剩的只是一个躯壳。曾经的笑、是一种心情，现在的笑、只不过是一个表情而已。#你有多久没有笑过了 #一首歌一个故事 #热门音乐 #抖音热歌 @DOU+小助手
248,岁月不声不响，你且不慌不忙。在凡俗的烟火里，愿以素心，阅来日方长。愿晨昏相依，四季欢喜，愿你全力以赴的过，风轻云淡的活，手持清风待明月，眉挑烟火过#歌曲半生 #一首歌一个故事 #热门音乐 #抖音热歌
249,你信不信，二个人的缘分尽了，就算同在一座城市，也不会再见，别说一座城市，就算我们相距一百米，也不会碰面#一首歌一个故事 #翻唱 #热门音乐 #经典老歌
250,看尽繁华，才知简单最美；人生无常，阅尽霜华，心安，便是归处…#人生无常 #一首歌一个故事 #音乐 #热门音乐
251,希望下辈子我们早点相遇，那时你正当娶妻我正逢嫁人，你许我一生所爱皆我，我应你一世满眼是你，别再这样错过了！#一首歌一个故事 #翻唱 #热门音乐 @DOU+小助手#下辈子再娶她
252,后来听故事的人成了讲故事的人，讲故事的人成了故事里的人，故事里的人总有几许心酸泪#爱够了伤透了 #一首歌一个故事 #抖音热门 #热门音乐 @DOU+小助手
253,最害怕的大概就是，自己最在乎的人，突然某一天说话变了语气，那种感觉，就好像全世界都不要你了一样.”#一首歌一个故事 #以后嫁的他#抖音热歌 @DOU+小助手
254,你说忘记一个人，是先忘记名字，还是先忘记模样……#一首歌一个故事 #翻唱 #音乐 #热门音乐
255,听了这么多年的千千阙歌，如今才明白什么意思：来日纵使我身边有太多人，都不及你陪我的那段时光。来日纵使你身边有很多人，都再也遇不到我了！#一首歌一个故事 #音乐 #热门音乐 #经典老歌
256,无人问津也好，技不如人也罢，你都要试着安静下来，去做你该做的事儿，而不是让内心烦躁焦虑，毁掉你本不多的热情和定力。纵有千古，横有八荒，前途四海，来日方长#一首歌一个故事 #音乐 #热门音乐 #抖音热歌#留不住要走的你
257,要不你把我删了吧，你曾是我义无反顾撞过的南墙，如今却成为我黄粱一梦的空欢喜，爱上你，花光我所有的力气和勇气，所以你把我删了吧 …#一首歌一个故事 #音乐 #你走之后我对爱情放手 @DOU+小助手
258,#太想念小阿枫版 你只字未提过喜欢，而我却句句我愿意。时间告诉我们，你我都不是好演员，你演不出热情，我藏不住喜欢，断不了想念…#太想念小阿枫版 #一首歌一个故事 #翻唱 #热门音乐
259,成年人的世界没有容易二字，我们学会了不动声色的安慰自己，也学会了悄无声息的和生活握手言和！#歌曲半生 #一首歌一个故事 #音乐 #热门音乐 @DOU+小助手
260,你知字未提喜欢，却满眼都是思念。可能有人会觉得你不好，但在我这里谁人也替代不了#翻唱 #一首歌一个故事 #抖音热门 #热门音乐
261,#太想念小阿枫版眼中有你，看到就特别开心，心中有你，想起就特别甜蜜，梦中有你希望夜再漫长点。心虽是我的，但连我都嫉妒，它虽小，正好只能放下一个你。#太想念小阿枫版#一首歌一个故事 #音乐 @DOU+小助手 #翻唱 
262,我们在等对方改变，我们在等对方低头，慢慢的忘记了最初的守候，从开始你只是一个名字，到后开，你变成了一个故事#一首歌一个故事 #音乐 #等的太久 #热门音乐
263,很多事情，一旦过了那个节点，就没有意义了：任何东西，在最想要的时候没得到，后来，也就不想要了…#一首歌一个故事 #音乐 #经典老歌 #热门音乐
264,既然等不来清晨的粥，那就倒满深夜的酒，从此，不再去做世间痴情人#一首歌一个故事 #音乐 #抖音热门 #痴情的人都活该 @DOU+小助手
265,"只要你不哭，我什么都答应你
只要你一笑，老子命都是你的，什么都舍得给你，只为哄你开心
这些话我羡慕了很久，却从来没有人跟我说，你说可笑不可笑#一首歌一个故事 #音乐 #最怕听懂一首歌 #经典老歌"
266,心情不好的时候，宁愿找个没人的地方，不去打扰任何人，自己一个人静下来，就算你说晚上有太阳，我都不想去辩解了#一首歌一个故事 #最怕听懂一首歌 #热门音乐 #何处不忧伤 @DOU+小助手
267,后来我才明白，原来要真的对一个人没有了念头，还是要靠对方的绝情。#一首歌一个故事 #音乐 #翻唱 #经典老歌 @DOU+小助手
268,起初，你只是一个名字，后来，你成为一个故事#一首歌一个故事 #翻唱 #最怕听懂一首歌 #爱的代价 #音乐
269,承诺再真，终会败给时间，回忆再甜，也敌不过流年！几乎所有人都听说过“不忘初心，方得始终”，却很少有人知道“ 初心易得，始终难守”。脸红是故事的开始，眼红是故事的结束。#一首歌一个故事 #音乐 #翻唱 #抖音热歌
270,别加，别聊，别撩，别爱，别碰，别想，别喜欢，别见面，别习惯，别念，别哭，别留恋，别遗憾，别毁了自己。#一首歌一个故事 #翻唱 #音乐 #抖音热门
271,问你们一个问题：“你说，一个人把另一个人删了，是删的那个人伤心还是被删的那个伤心？”#一首歌一个故事 #音乐 #热门音乐 #忘不了你 @DOU+小助手
272,任何关系，你给我珍惜，我还你值得，你给我距离，我还你分寸，人心换人心，你真我亦真，你假我转身。#一首歌一个故事 #热门音乐 #满城的灯都亮了 @DOU+小助手
273,你信不信，二个人的缘分尽了，就算同在一座城市，也不会再见，别说一座城市，就算我们相距一百米，也不会碰面了#一首歌一个故事 #音乐 #热门音乐 @DOU+小助手
274,都低估了时间的善变，才让原本浓烈的东西轻易翻了船#一首歌一个故事 #音乐 #热门音乐 @DOU+小助手 #看淡
275,这世界，没有多少东西是自己的，所以要大度；也没有多少东西是恒的，所以要珍惜！路过的永远是朋友，留下的才是人生，梦在远方，心在路上，我们都是追梦人#一首歌一个故事 #翻唱 #抖音热门 #热门音乐
276,其实，忘记一个深爱过的人，就像一次刮骨疗伤的过程，真正爱过的人，又怎能说忘就能忘……都说时间可以冲淡一切，可又有谁知道，这个时间是多久#一首歌一个故事 #音乐 #一个人的凌晨四点 @DOU+小助手
277,很多我们以为这一辈子都不会忘记的事情，就在我们念念不忘的日子里，被我们遗忘了#一首歌一个故事 #音乐 #热门音乐 #时间煮雨 @DOU+小助手
278,玫瑰腐烂的味道，比野草还难闻 ，可它盛开的时候 ，你可不是这么说的。就好比你不能吃的时候说肉香，刷的时候嫌碗脏#一首歌一个故事 #野马和天使 #音乐 #翻唱 @DOU+小助手
279,不品人间酒，不知其中醉，不陷人间情，谁知其中泪。一烟一酒一段情，半醉半醒半浮生……#人生难得几回醉 #一首歌一个故事 #音乐 #热门音乐 @DOU+小助手
280,十句“你去吗”？不如一句“跟我走”，百句“你要吗”？不如一句“你拿着”，千句“你没事吗”？不如一句“有我在”#一首歌一个故事 #翻唱 #音乐 #抖音热门 @DOU+小助手
281,我们终于到了小时候羡慕的年纪，却没有成为小时候最想成为的人，成年人的世界，从来没有容易二字。#一首歌一个故事 #音乐 #翻唱 @DOU+小助手
282,女人这辈子的幸福就是：找一个宠你的男人，而不是和你计较的男人：人生只要两次幸运就好：一次遇见你，一次走到底……#一首歌一个故事 #音乐 #热门音乐 @DOU+小助手
283,很多微笑，明知道虚伪，却还强挤着笑容，很多回忆，明知道痛心，却还是无法释怀，很多事情，明知道结局，却还是想忘忘不了，想放放不下……#一首歌一个故事 #音乐 #翻唱 #经典老歌 @DOU+小助手
284,好像释怀了又好像没有，想忘却怎么也忘不掉，心里的那颗钉子怎拔也拔不出来，也不知道是不甘心还是舍不得！#一首歌一个故事 #天空之境#音乐
285,折磨人的并不是离别，而是一遍一遍让你感动的回忆……我该怎么告诉你，我的遗憾都和你有关#一首歌一个故事 #音乐 #抖音热门 @DOU+小助手
286,风吹雨打是生活，苦尽甘来懂人生。生命太短，没时间留给遗憾，若不是终点，请微笑一直向前！#一首歌一个故事 #音乐 #翻唱 #经典老歌 @DOU+小助手
287,我们的告别仪式很简单，你没有回我消息，我也便默契的没有再发，就这样安静消失在彼此的生活里，好像从未认识过！#一首歌一个故事 #音乐 #热门音乐
288,前半生不懂的太多，后半生太多的不想懂，所有灿烂的时刻，最终都会被所岁月淹没。真正重要的，不是生命里的岁月，而是岁月里的生活#一首歌一个故事 #音乐 #抖音热门 #翻唱 @DOU+小助手
289,有些人，时隔多年不见，再见面还是会心动；有些情，埋藏的再深，每当提起心中会隐隐作痛#一首歌一个故事 #音乐 #热门音乐 #累了痛了不爱了 #翻唱 @DOU+小助手
290,人生就像新闻联播，不是你换个台就能逃避的了。入了心的人，不是你换个手机号，换座城市就能抹去的，不管多久#换了一座城市还是会想你#一首歌一个故事 #音乐 @DOU+小助手
291,当你不开心的时候，想想自己还有多少天可以折腾，当你计较的时候 ，想想还有多少时间可以浪费。人生在世，本来就是一场空，时间一到，该老的的老，该走的走，话多伤人，计较伤身。#一首歌一个故事 #音乐 #总以为来日方长 @DOU+小助手
292,后来我才明白，原来要真的对一个人没有了念头，还是要靠对方的绝情。#一首歌一个故事 #音乐 #热门音乐 @DOU+小助手#作陪
293,承诺再真，终会败给时间，回忆再甜，也敌不过流年，一见如故容易，来日方长却很难，遇见只是开始，懂得珍惜才能长久！#一首歌一个故事 #抖音热门 #音乐 @DOU+小助手
294,前半生不懂的太多，后半生太多的不想懂，所有灿烂的时刻，最终都会被所岁月淹没。真正重要的，不是生命里的岁月，而是，岁月里的生活！#一首歌一个故事 #音乐 #热门音乐 #翻唱 @DOU+小助手
295,宝啊，别再生气了，咱们和好吧。直到今天，你依然是我拒绝别人的理由，其实我没有在等你，只是没有办法，喜欢另外一个人而已…#一首歌一个故事 #抖音热门 #音乐 #别再生气了 @DOU+小助手
296,念起，便是温暖；不语，最是情深；任何一段被惊艳的时光，都是人生最美的风景#一首歌一个故事 #抖音热门 #音乐 #热门推荐 #羡慕 @DOU+小助手
297,生活从来都不容易，当你觉得容易那时候，一定是有人替你承担属于你的那份不容易#一首歌一个故事 #抖音热门 #苦乐人生 #音乐 @DOU+小助手
298,宁愿被别人说成不合群，也绝不将就自己去讨好任何人，不管什么关系，我都坚持将心比心，你觉得我难相处，其实只是我不想和你好好处。#一首歌一个故事 #抖音热门 #热门音乐 #音乐 @DOU+小助手
299,我乃世间一蝼蚁，为亲情所牵绊，为三餐而忙碌，从青丝到白发，只愿余生我及家人平安喜乐#一首歌一个故事 #抖音热门 #热门音乐 #走卒@DOU+小助手
300,我们争吵的时候，我突然停住了，感觉自己像个乞丐一样，不过想让你多爱我一点，可你却想争个输赢，感觉好没意思。#一首歌一个故事 #热门音乐 #抖音热门 @DOU+小助手
301,突然好心酸走错过很多路，做错过很多选择无数个睡不着的夜晚我都在想究竟要成为什么样的人到底要过什么样的生活才能满意的过完这一生#一首歌一个故事 #抖音热门 @DOU+小助手
302,承诺再真，终会败给时间；回忆再甜，也敌不过流年；一见如故容易，来日方长却很难；遇见只是开始，懂得珍惜才能拥有...#一首歌一个故事 #抖音热门 #热门音乐 @
303,心酸的是，那个能让你笑的人，最后却让你哭了；遗憾的是，那个说陪你到最后的人，最后，却提前退了场.#一首歌一个故事 #被爱的人先走 #抖音热门 @DOU+小助手
304,时间不会让我忘记你，只会让我习惯没有你，但是我扔对你难以忘怀，但是我不在对你满怀期待，有些人终究是可念，可望，却不可及……#一首歌一个故事 #你在我心里何止好几年 #抖音热门 @DOU+小助手
305,世界很大，我就是觉得你最好，我也不觉得以后我会遇到更好的人，所以我的偏爱都会给你。余生可贵，有你相伴，希望与你携手到老，好好生活，慢慢爱你#一首歌一个故事 #余生的故事都关于你 #音乐 @DOU+小助手
306,你只字未提过喜欢，而我却句句我愿意。时间告诉我们，你我都不是好演员，你演不出热情，我藏不住喜欢，断不了想念……#一首歌一个故事 @DOU+小助手@小阿枫
307,你是我念念不忘，却又爱而不得的心酸，你是我自罚三杯，也不敢说出来的秘密，不联系却思念到发疯，不打扰却心痛到流泪…#抖音热门 #热门音乐 #一首歌一个故事 #回不去@DOU+小助手
308,我真的很想和你一辈子在一起 ，不管结局是好是坏 ，你都不能从我的世界消失，我会乖乖等你回来#热门音乐 #抖音热门 #歌曲好想 @DOU+小助手
309,人生为棋，我愿为卒，行动虽慢，可谁曾见我后退一步#一首歌一个故事 #热门推荐 #抖音热歌 @DOU+小助手#走卒
310,人生很短，也许不经意间的一个转身，就是天涯；一个回眸，就是彼此；一句再见也许就是再也不见！#一首歌一个故事 #热门推荐 @DOU+小助手
311,那一刻你心里有场海啸，可你静静站着，没有让任何人知道#一首歌一个故事 #热门推荐 #抖音热门 @DOU+小助手
312,世上最美好的事是：我已经长大，您还未老，我有能力报答，您仍然健康#一首歌一个故事 #抖音热门 #热门音乐 #妈妈 @DOU+小助手
313,在外漂泊，哪有那么容易，养家糊口千斤担，赚钱不易打工难。融不进的城市，回不去的故乡，若生活如意，谁又会颠沛流离呢，故乡只有冬，再无春夏秋，愿外出打拼的游子，能够平平安安！#一首歌一个故事 #热门推荐 #抖音热门 #漂泊在路上@DOU+小助手
314,某人，我想你了，我不想熬夜了，我想见你，我想让你抱抱我，躺你的怀里闻你身上的味道，然后告诉你，我真的很想你…#一首歌一个故事 #抖音热门 #抖音热歌 #热门音乐
315,我在看见一个人很像你，于是瞬间我特别紧张，我渴望是你，又害怕是你，直到走近看清不是你，我庆幸不是你，又“遗憾”不是…#一首歌一个故事 #抖音热门 #热门推荐 @DOU+小助手#别再错过你
316,季节变换，好多人忘了好多人，好多人代替好多人，好多人有好多遗憾，好多人是好多人的遗憾!#一首歌一个故事 #抖音热门 #抖音热门 @DOU+小助手
317,风吹雨打是生活，苦尽甘来懂人生。生命太短，没时间留给遗憾，若不是终点，请微笑一直向前！#一首歌一个故事 #抖音热门 #热门推荐
318,下次再遇到喜欢的人，千万要记得提醒自己，只做朋友，只谈笑风生，不可以动情，不远不近的欣赏，淡淡的喜歡。#一首歌一个故事 #抖音热门 #热门推荐 @DOU+小助手
319,长得好看已经不吸引我了，吸引我的是他把我当小朋友宠，拒绝暧昧，成熟稳重和明目张胆的偏爱#抖音热门 #一首歌一个故事 @DOU+小助手
320,承诺这个东西，听的人记住了，说的人早忘了，疯子说给傻子听，说者无心，听者却当了真！#一首歌一个故事 #抖音热门 #热门推荐 #错的选择让我流干眼泪》@DOU+小助手
321,除了你，我谁都不想要，不是这个世上没有比你更好的，而是我只爱你一人，心都给你了，你让我如何爱别人…#一首歌一个故事 #抖音热门 #热门推荐 #抖音热歌 #注定的孽缘 @DOU+小助手
322,有的人爱你把一切给你，有的人说爱你，说把一切都给你，世界上有很多迷人的花，但我只喜欢有结果的树。#一首歌一个故事 #抖音热门 #抖音热歌 #簇拥烈日的花 @DOU+小助手
323,整个世界都在演戏，别人都在认真演，就你不入戏，当虚伪成为一种常态，清醒便是罪过。”自己不醒悟 他人如何渡 自己若醒悟 何需他人渡！#一首歌一个故事 #抖音热门 #抖音热歌 #音乐推荐
324,"怎么都走不进你心里，你不爱我，我不怪你，我怪我自己没本事…#一首歌一个故事 #抖音热门 #热门推荐 @DOU+小助手
#痴情的我遇上狠心的你"
325,工作就是拿自己的灵魂做典当。然后去换取一些银两。 下班以后 又渴望拿这些银两把自己的灵魂赎回来。愿生活善待那些为银两奔波的人#一首歌一个故事 #抖音热门 #热门推荐 #只为碎银几两 @DOU+小助手
326,终于明白有些关系，除了再见，别无选择，万幸得以相识，又遗憾止于相识，藏在心底的那份爱，终是无法释怀……#一首歌一个故事 #抖音热门 #热门推荐 #音乐推荐
327,我想问问某人，有没有那么一瞬间，你心疼过我的执着，体谅过我的卑微，看穿过我的无助，有没有那么一瞬间你是爱我的？#一首歌一个故事 #真心换冷漠 #抖音热歌 #热门推荐
328,总有那么一个人在你的心里，在你梦里，在你脑海里，唯独不在你身边，他是你想见，却不能见的人#一首歌一个故事 #热门推荐 #抖音热歌 #翻唱
329,再重要的人，让你失望多了，也就变得没有那么重要了，有时候失望一定程度，反而无所谓了，因为你知道，真心换不来真心#一首歌一个故事 #抖音热门 #爱太贵心好累 #抖音热歌 @DOU+小助手
330,让我哭的不是分离，而是你曾经对我说了那么多的承诺#别拿爱情欺骗我 #一首歌一个故事 #抖音热门 #抖音热歌 @DOU+小助手
331,也许每个人心中都有一个入心入肺的人，也许连自己也说不出哪里好，就是那个位置谁也代替不了#一首歌一个故事 #抖音热门 #抖音热歌 #太想念 @DOU+小助手
332,牵挂你的人才会联系你，想念你的人才会打扰你，在乎你的人才会问候你，关心你的人才会惦记你。爱是细节，不爱也是……一生所求不过温暖与良人#一首歌一个故事 #抖音热门 #翻唱
333,有些人就是说不清哪里好，可就是谁也替代不了；有些人就是说不清哪里不好，可根本谁都将就不了#一首歌一个故事 #抖音热门 #爱你一万年 #翻唱 @DOU+小助手
334,有心者有所谓，无心者无所谓，世界上哪有那么多，将心比心，针尖不大，扎人最疼，舌头无骨却伤人最深。看似鸡毛蒜皮的小事，有时候却是，压垮人的最后一根稻草，心酸纵有千百种，唯有沉默最伤人#一首歌一个故事 #抖音热门 #抖音热歌 #你是否也像我 @DOU+小助手
335,一个人挺好的，没有惊喜，没有意外，没有吃醋，没有期盼，没有失望，没有辜负，没有背叛，比起忽冷忽热，还是孤独更踏实#一首歌一个故事 #抖音热门 #抖音热歌 #人在旅途@DOU+小助手
336,该经历和不该经历的全都经历了，该忍受和不该忍受的都一一吞下了，还畏惧什么，人生无非两种结果，见效了和见笑了#一首歌一个故事 #抖音热歌 #歌曲半生 #伤感音乐
337,太懂事是没人心疼的！当你顾全所有人感受的时候，就忽略了自己的感受！我只知道，当我不欠任何人的时候，就只欠自己了！#我是你的岛#抖音热门 #抖音热歌 #热门音乐 #一首歌一个故事 @DOU+小助手
338,后来我才明白，原来要真的对一个人没有了念头，还是要靠对方的绝情。#抖音热门 #一首歌一个故事 #热门音乐 @DOU+小助手
339,不知所措的年纪，没能活成期待的样子，什么样的结局才配的上这一路的颠沛流离。都30多岁的人了，孩子没照顾好，钱没赚到，工作一事无成，生活乱七八糟的#抖音热门 #一首歌一个故事 #热门音乐 @DOU+小助手
340,终有一天你会咽下所有脾气，磨平一身棱角，微笑面对曾经最讨厌的人与事，变成一个不动声色的人，总有一些伤痛可以安慰别人，却安慰不了自己，总有一些纠结不是跟事过不去，而是跟心过不去。#抖音热门 #一首歌一个故事 #抖音热歌 #星星点灯 @DOU+小助手
341,有些人就算知道不可能还是想靠近，有些人明知道没结果还是一如既往的付出，多少人用自己的青春成全了别人的幸福。#抖音热门 #一首歌一个故事 #热门音乐 @DOU+小助手 #伤感音乐
342,其实，忘记一个深爱过的人，就像一次刮骨疗伤的过程，真正爱过的人，又怎能说忘就能忘……都说时间可以冲淡一切，可又有谁知道，这个时间是多久#一首歌一个故事 #抖音热门 #抖音热歌 #你是我想忘忘不掉的人 @DOU+小助手
343,求你别再偷偷打扰我，在梦里也不行#抖音热门 #一首歌一个故事 #只剩半条命别再伤害我 @DOU+小助手
344,很多事情，一旦过了那个节点，就没有意义了：任何东西，在最想要的时候没得到，后来，也就不想要了…#一首歌一个故事 #抖音热门 #抖音热歌 #不甘@DOU+小助手
345,直到今天，你依然是我拒绝别人的理由，其实我没有在等你，只是没有办法，喜欢另外一个人而已…#抖音热门 #一首歌一个故事 #抖音热歌 #想 @DOU+小助手
346,什么也别说了，我懂，走就是了，我为我一切不合时宜的出现，不知深浅的喜欢，不知廉耻的纠缠，向你道歉#抖音热门 #一首歌一个故事 #抖音热歌 #恨我学不会别离 @DOU+小助手
347,很扎心的一段话：“没有人会在意你受了多少委屈，她们只会在你情绪爆发的时候，指责你不懂事 。#一首歌一个故事 #抖音热门 #抖音热歌 #热门音乐 @DOU+小助手#借酒封喉
348,遇见都是天意，拥有都是幸福，何其有幸在对的时间遇见彼此，是幸福在耳边低语#一首歌一个故事 #抖音热门 #抖音热歌 @DOU+小助手#遇见你就是上上签
349,最害怕的大概就是，自己最在乎的人，突然某一天说话变了语气，那种感觉，就好像全世界都不要你了一样.#抖音热歌 #一首歌一个故事 #伤感音乐 @DOU+小助手
350,随风漂泊八百里，八百里内皆为你，爱意随风起却不随风散，这路遥马急的人间，你在我心里何止好几年#抖音热门 #一首歌一个故事 #抖音热歌 #一座城一个人
351,世间最悲怆的莫过于，深爱，而不得。成全了所有人，却成全不了自己！#抖音热门 #一首歌一个故事 #抖音热歌 #@DOU+小助手
352,幸福大概就是“你粘着的那个人，永远也不嫌你烦，你不用多好，我喜欢就好，我没有很好，你不嫌弃就好 ”#抖音热门 #一首歌一个故事 #热门音乐 @DOU+小助手#下辈子还要和你成个家
353,看破不说破，看穿不说穿，生活的意义在于舒心。释放心中不爽，不是你争我斗，而是避尔求其次，让己心放射更大的光，沉淀下来的释怀是大格局大姿态。#抖音热门 #一首歌一个故事 #热门音乐
354,时间不会让我忘了你，只会让我习惯没有你，我仍对你难以忘怀，但不再对你满怀期待，有些人终究是可望，可念，不可及…#抖音热门 #一首歌一个故事 #抖音热歌
355,前半生不懂的太多，后半生太多的不想懂，所有灿烂的时刻，最终都会被所岁月淹没。真正重要的，不是生命里的岁月，而是，岁月里的生活！#抖音热门 #一首歌一个故事 #我们永远记得你
356,成全，不是退让，只是想换一种方式，守望。让喜欢的人幸福，也是爱的一种方式#抖音热门 #一首歌一个故事 #我们永远记得你#退让
357,当你上了一天的班，下班回到家，累到连脸都不想洗，就想躺床上睡觉的时候，你就会觉得，爱不爱的有什么用呢？赚💰才重要…#抖音热门 #一首歌一个故事 #挣钱 @DOU+小助手
358,人间四月清明日，故人已去，记忆永存，忘却的是伤痛，不忘的是思念，一别再无归期，愿您一切安好！#抖音热门 #一首歌一个故事 #思念亲人#天堂里有没有寂寞
359,时间不是解药也不是毒药，更像是麻药，但解药都在时间里，想通了，明白了，看远了，就好了#抖音热歌 #一首歌一个故事 #抖音热门#余香
360,别贪心，你不可能什麽都有；也别灰心，你不可能什麽都没有。时光匆匆，岁月无痕，总有一束光会照到你，或早或晚……#一首歌一个故事 #抖音热歌 #抖音热门
361,愿你们只听曲中意，不做曲中人，这世界没有任何人可以随心所欲，什么都明白，可什么也改变不了！#抖音热门 #一首歌一个故事 #抖音热歌 @DOU+小助手
362,有人得而不惜，有人爱而不得，后来我才知道，前程似锦的意思是再见，别来无恙的意思是物是人非，再见就是再也不见。#抖音热门 #抖音热歌 #一首歌一个故事 @DOU+小助手
363,"一句会好的，撑了我一天又一天，
一句先苦后甜，苦了我一年又一年
一句吃亏是福，吃了一年又一年
#抖音热门 #一首歌一个故事 #热门音乐 @DOU+小助手"
364,愿你所有幸运，都不期而遇；愿你所有美好，都如约而至，愿我们有人爱，有事做，有所期待，愿你我都好，一切都好，一切如愿#抖音热门 #一首歌一个故事 #抖音热歌#我愿你
365,我的骄傲不允许让我向你屈服，但是，那卑微的爱会……#抖音热门 #抖音热歌 #一首歌一个故事 @DOU+小助手
366,前半生不懂的太多，后半生太多的不想懂，所有灿烂的时刻，最终都会被所岁月淹没。真正重要的，不是生命里的岁月，而是，岁月里的生活！#抖音热门 #一首歌一个故事 #抖音热歌 @DOU+小助手
367,直到今天，你依然是我拒绝别人的理由，其实我没有在等你，只是没有办法，喜欢另外一个人而已…#抖音热门 #一首歌一个故事 #热门音乐 #抖音热歌 @DOU+小助手
368,前半生不懂的太多，后半生太多的不想懂，所有灿烂的时刻，最终都会被所岁月淹没。真正重要的，不是生命里的岁月，而是，岁月里的生活！#抖音热歌 #一首歌一个故事 #࿆热门音乐#黑夜向我道了声晚安
369,"有没有这样一个人,你想见，又见不到，想爱，又不能爱，想忘，又忘不了，ta就这样不深不浅的占据着你心中的一角#抖音热门 #一首歌一个故事 #抖音热歌 @DOU+小助手"
370,现在的我，什么都看淡了，不再顾及谁的感受，不再傻傻的付出，不强求，不挽留，留下的就好好珍惜，离开的就道安好。#抖音热门 #一首歌一个故事 #热门音乐 @DOU+小助手
371,时光好不经用，转眼已是半生，时间改变了容颜，经历改变了心态，珍惜所有的不离不弃，看淡所有的渐行渐远。#抖音热门 #一首歌一个故事 #抖音热歌 @DOU+小助手#歌曲半生
372,无法做恋人，无法做知己，无法做朋友，又舍不得陌生。离不开，放不下，又忘不了，早已深入骨髓，我终该将你安放在哪里。#一首歌一个故事 #热门音乐 #抖音热歌 #音乐推荐
373,"重感情的女人一般都很固执，她可以爱你很久，也可以等你很久,但是她一旦选择了离开，那一定比很久还要久.#热门音乐 #抖音热歌 #一首歌一个故事 @DOU+小助手#黑夜向我道了声晚安"
374,时间不会让我忘了你，只会让我习惯没有你，我对你仍有爱意，可我，无能为力.…#抖音热门 #一首歌一个故事 #抖音热歌 #热门音乐 @DOU+小助手
375,年少时不能遇到太过惊艳的人，否则无论往后朝夕，再也不能够认真地喜欢一个人#抖音热门 #一首歌一个故事 #抖音热歌 @DOU+小助手
376,看这满屏白发，是否已经变老，只叹容颜易老，岁月无情，活在当下，且行且珍惜！#抖音热门 #一首歌一个故事 #翻唱#如果来生还能遇见
377,以后你在遇到的人，都是心里有过别人的人，没有人会用尽全力去爱你，听闻过往，十忆九悲；听闻爱情，十人九伤#抖音热门 #一首歌一个故事 #抖音热歌 @DOU+小助手
378,走走停停过半生，读懂了人心 ，看透了生活，我总担心会失去谁，但唯独忘了问，谁又害怕失去我。#一首歌一个故事 #抖音热门 #抖音热歌 @DOU+小助手 #黑夜向我道了声晚安
379,有人爱而不得，有人得而不惜，说不清的心酸，理不明了的头绪，爱没有用，相互爱才能始终#抖音热门 #一首歌一个故事 @DOU+小助手
380,遇见了彼此。何其幸运，给不了结局，何其无奈，错落心间的甜蜜与苦涩，无处可说！祝你快乐吧，不止今天”  #抖音热门 #抖音热歌 #一首歌一个故事 @DOU+小助手#情到深处才孤独
381,我心里都是事，但我谁都不想说，沉默不是没有情绪，而是没有再说的意义，#抖音热门 #一首歌一个故事 #抖音热歌 @DOU+小助手
382,如果说生活是一张白纸，那么情感就是我们为它添上不同的色彩，不管是黑色，还是红色......谁先领悟谁先受伤、流泪~#抖音热门 #一首歌一个故事 #热门音乐
383,如果时光倒流，再次回到当初我刚和你遇见的时候，我还是义无反顾的喜欢你，我对你，从来都是一见钟情，喜欢你就是没有理由#一首歌一个故事 #抖音热门 #热门音乐 @DOU+小助手#黑夜向我道了声晚安
384,很多事情，一旦过了那个节点，就没有意义了：任何东西，在最想要的时候没得到，后来，也就不想要了…#一首歌一个故事 #抖音热门 #热门音乐 @DOU+小助手
385,人到中年，不能倒不能病不能歇，你只能努力赚钱，做孩子坚实的靠山，做父母依赖的港湾，人到中年你就是屋檐！#一首歌一个故事 #歌曲半生 #抖音热歌 #热门音乐 @DOU+小助手
386,把心路放宽，把心态放平，学会知足，学会看淡，知足者常乐，看开者无忧，简单的活着，善良  率直  坦荡，去品味人生的韵味，无论对事或者对人，做到尽心尽力，全新全意，问心无愧就好。#一首歌一个故事 #抖音热门 #热门音乐 #一首歌一个故事 @DOU+小助手
387,人生回味，只是心有不甘，思想里的回忆，在脑海里像歌声一样浮现，一刹那把想念拉回到以前，心中的酸楚只要每个人自己心里明白#抖音热门 #翻唱 #一首歌一个故事 @DOU+小助手
388,你若拥我入怀，疼我入骨，护我周全，我愿意蒙上双眼，不去分辨你是人是鬼，你待我真心或敷衍，我心如明镜，我只为我的喜欢装傻一程，我与春风皆过客，哪怕输的彻底，也心甘情愿 #抖音热门 @DOU+小助手
389,如果时光倒流，再次回到当初我刚和你遇见的时候，我还是义无反顾的喜欢你，我对你，从来都是一见钟情，喜欢你就是没有理由#抖音热门 #抖音热歌 #热门音乐 #一首歌一个故事 @DOU+小助手 #黑夜向我道了声晚安 
390,成年人的世界没有容易二字，我们学会了不动声色的安慰自己，也学会了悄无声息的和生活握手言和！ #一首歌一个故事 #抖音热歌 #热门音乐@DOU+小助手
391,现在的我，什么都看淡了，不再顾及谁的感受，不再傻傻的付出，不强求，不挽留，留下的就好好珍惜，离开的就到道安好#抖音热门 #一首歌一个故事 #抖音热歌 #热门音乐 @DOU+小助手
392,心里有你的人，总会主动找你；心里没你的人，总会自动忽略你。其实沉默就是答案，躲闪就是答案，不再主动就是答案！#一首歌一个故事 #抖音热门 #热门音乐
393,虽然你已离去，样子有点模糊，但是名字记得还很清晰，声音还在耳边#负心的你 #一首歌一个故事 #抖音热门 #抖音热歌 @DOU+小助手
394,不管我们怎么努力，始终都会有遗憾，生活 不是这样就是那样，反正也不是你我想的那样。所以，得之坦然，失之淡然，顺其自然#抖音热门 #一首歌一个故事 #抖音热歌 @DOU+小助手
395,不管什么关系，分开一定要多看对方两眼，也许分开就是永远，没有刻意的见面，也许就真的不会再见面了#抖音热门 #祈祷 #一首歌一个故事 @DOU+小助手
396,太重感情的人，容易满足，更容易受伤，总有一种，被忽视的感觉，付出的远远超过得到的。莫名地孤单，无法抗拒的恐惧感，不爱说话或很爱说话，太重感情的人，其实真的很辛苦#抖音热歌 #一首歌一个故事 #热门音乐
397,我住长江头，君住长江尾，日日思君不见君，共饮一江水，其实被人表白不是值得骄傲的事，被人想念才是！#一首歌一个故事 #抖音热歌 #抖音热门 #一首歌一个故事
398,曾经以为老去是很遥远的事，突然发现年轻是很久以前的事了，时光好不经用，抬眼已是半生！#抖音热歌 #歌曲半生 #一首歌一个故事 #音乐推荐 #热门音乐 @DOU+小助手
399,"“一句会好的，撑了我一天又一天，
一句先苦后甜，苦了我一年又一年”#抖音热门 #一首歌一个故事 #音乐推荐"
400,很多微笑，明知道虚伪，却还强挤着笑容，很多回忆，明知道痛心，却还是无法释怀，很多事情，明知道结局，却还是想忘忘不了，想放放不下……#抖音热门 #一首歌一个故事 #音乐推荐 #热门音乐 @DOU+小助手
401,为何临睡前，想要留一盏灯，你若不肯说，我就不问，不问万水千山，不问相见恨晚，不问缘深缘浅，不问前生来世#一首歌一个故事 #抖音热门 #抖音热歌 #热门音乐 @DOU+小助手
402,其实让人崩溃的东西很简单、都是芝麻一样的小事、可是满地的芝麻、足以让人捡到崩溃、#一首歌一个故事 #抖音热门 #抖音热歌 #热门音乐
403,一会儿放的下，一会儿放不下。一会儿想明白了，一会儿想不明白。终究活不成别人期待的样子，也终于活成了自己都讨厌的样子。这就是你我这半生的写照吧#抖音热歌 #一首歌一个故事 #抖音热门 #热门音乐 @DOU+小助手#歌曲半生
404,有些路，不走，不甘心，走了，满身伤痕，人生或许就这样吧，无论怎么选择都有遗憾，无论怎么精心策划，都抵不过命运的安排。#抖音热歌 #一首歌一个故事 #音乐推荐 #抖音热门 @DOU+小助手
405,人生没有如果，更不能重新选择，人生前半场我输了，后半场我得拿剩下的半条命去好好生活了，该经历的和不该经历的都经历了，愿以后的日子里清净，抬头看见的都是温柔#你曾发的誓#一首歌一个故事 #抖音热歌 #翻唱 @DOU+小助手
406,希望下辈子我们早点相遇，那时你正当娶妻我正逢嫁人，你许我一生所爱皆我，我应你一世满眼是你，别再这样错过了！#一首歌一个故事 #下辈子再娶你 #抖音热歌 #热门音乐 @DOU+小助手
407,就在那么一瞬间，突然心酸涌上心头，心都空了。心疼我的过去，厌倦我的现在，担心我的未来，有那么一瞬间，我什么都不想要了#抖音热歌 #一首歌一个故事 #音乐推荐 #热门音乐 @DOU+小助手
408,妈妈的碎碎念念，温暖了我的岁岁年年#音乐推荐 #一首歌一个故事 #感恩母爱
409,反反复复的疫情，东航失事的飞机，我们永远不知道明天和意外哪个先来，总以为来日方长，却忘了世事无常，所以趁现在去做你想做的事，去爱你想爱的人，我们没有下辈子，人生除了生死，其他都是擦伤，愿大家都平平安安#抖音热歌 #一首歌一个故事 @DOU+小助手
410,都说智者不入爱河，愚者重蹈覆辙，可是遇你难做智者，甘愿沦为愚者，薄情的人风生水起，深情的人挫骨扬灰，虽说万家灯火，却没一盏为我！ @DOU+小助手#无心无念无牵绊
411,喜欢就够了，还能联系上就够了，彼此心里待过就够了，还能活在这个世上就够了，在不在一起真的没那么重要了#抖音热歌 #音乐推荐 #一首歌一个故事 #热门音乐 @DOU+小助手#如果我是他
412,反反复复的疫情，东航客机坠毁，明天和意外，你永远都不知道哪一个会先到来，我们总以为来日方长，却忘了世事无常，所以学会珍惜当下吧，为所有人祈祷平安#我愿你 #抖音热歌 #一首歌一个故事 #热门音乐 @DOU+小助手
413,都是小人物，影响不了任何人，也载入不了史册，只要把自己的小日子过好，平平淡淡一生就好。#音乐推荐 #抖音热歌 #一首歌一个故事 @DOU+小助手
414,往事都是过往云烟，虽然回忆全是你，但既然离开了，也只能默默的祝福你，只要你能过的好，我也不会来打扰。#抖音热歌 #一首歌一个故事 #音乐推荐 #热门音乐 @DOU+小助手#回忆全是你伤心化作雨
415,习惯了没人疼，没人爱，没人关心得日子，累了自己扛，痛了自己揉，流泪了自己擦，难过了自己沉默。除了坚强别无选择。#抖音热歌 #音乐推荐 #一首歌一个故事 #热门音乐 @DOU+小助手#没人问
416,我再问你蕞后一次，你还爱我吗？承诺再真，终会败给时间，回忆再甜，也敌不过流年！几乎所有人都听说过“不忘初心，方得始终”，却很少有人知道“ 初心易得，始终难守”#音乐推荐 #抖音热歌 #一首歌一个故事 #热门音乐 @DOU+小助手
417,终于到了小时候羡慕的年纪了，却没活成自己想要的样子，拼命挣钱，钱没挣到，拼命顾家，家没顾好，到头来还是一事无成，甚至还负债累累。#一首歌一个故事 #音乐推荐 #抖音热歌 #热门音乐 @DOU+小助手
418,疫情、飞机失事…我们不会知道明天和意外哪个先来，总以为来日方长，却忘了世事无常。所以珍惜当下吧！没有什么可以不通透的，除了生死，和健康，一切都是浮云……#抖音热歌 #音乐推荐 #一首歌一个故事 @DOU+小助手
419,遗憾的是书没有读好，没能成为父母眼中的天之骄子，没能和喜欢的人在一起，以没能活成自己喜欢的样子#一首歌一个故事 #抖音热歌 #音乐推荐 #热门音乐
420,后来我才知道 爱你的人 一定会想办法让你安心 爱你 什么都不用你说 他会做 用他的话说 我不想让你难过#一首歌一个故事 #抖音热歌 #音乐推荐 #画愁 @DOU+小助手
421,人生的旅途中有多少个站，每一站都有不同的人和事，和风景，满满的都成追忆，永远回不去，但愿你我安好#抖音热歌 #音乐推荐 #࿆一首歌一个故事 #孤身的人 @DOU+小助手
422,酒杯太浅。敬不到来日方长，巷子太短，走不到白发苍苍。不是年少守不住旧心。而是岁月荒了人心。人生最大的遗憾不是错过最好的人，而是错过那个想对你好的人。#抖音热歌 #一首歌一个故事 #音乐推荐 @DOU+小助手#你曾发的誓
423,同频才能相惜，同趣才能同欢，在乎你的人才会照顾你的情绪，爱你的人才会与你共悲喜，有人捏着你的过往不依不饶，就一定会有人跨过山河来护着你……#抖音热歌 #ૢ一首歌一个故事 #音乐推荐 #࿆一首歌一个故事 @DOU+小助手
424,女人要的幸福很简单，一个温暖的怀抱，一个可靠的肩膀，一个把你当宝贝的人，一个赚钱不多却舍得为你花钱的人，时不时对你嘘寒问暖的人，没有谎言，没有欺骗，笑容比泪水多就足矣#音乐推荐 #抖音热歌 #࿆一首歌一个故事 #热歌推荐 #画愁 @DOU+小助手
425,时间不是解药，也不是毒药，其实时间是麻药，让你暂时忘了痛而已#抖音热歌 #音乐推荐 #一首歌一个故事 #࿆热门音乐 @@DOU+小助手
426,歌还是那首歌，周深还是那个周深，当周深碰见《算你狠》会让你明白，有些歌你唱不来的#音乐推荐 #抖音热歌 #一首歌一个故事 #音乐推荐
427,生活坏到一定程度就会好起来，因为它无法更坏。努力过后，才知道许多事情，坚持坚持，就过来了 。#抖音热歌 #音乐推荐 #一首歌一个故事 @DOU+小助手
428,女人要的幸福很简单，一个温暖的怀抱，一个可靠的肩膀，一个把你当宝贝的人，一个赚钱不多却舍得为你花钱的人，时不时对你嘘寒问暖的人，没有谎言，没有欺骗，笑容比泪水多就 足矣#一首歌一个故事 #音乐推荐 #抖音热歌 #热门音乐#画愁
429,事实上，咱俩都输了，你再遇不到像我这般爱你的人，我再拿不出这般纯粹又热烈的爱去爱别人 #音乐推荐 #抖音热歌 #热门音乐 #一首歌一个故事 @DOU+小助手
430,这世上唯有两样东西不可触摸，一是记忆，二是相思。听说，记忆无花却永远盛开，相思无用，却永远清晰！#音乐推荐 #抖音热歌 #一首歌一个故事 @DOU+小助手
431,一季花开盼你来，一季花落人未来，残花飘零花落泪，花雨满天为花悲！岁月无声爱有声，，这季无缘有何妨！待到春来花再开，那时相逢更芬芳。#抖音热歌 #音乐推荐 #一首歌一个故事 #热门音乐 @DOU+小助手
432,成年人的世界，除了终点越来越近，其它的都在渐行渐远！#音乐推荐 #抖音热歌 #一首歌一个故事 #热门音乐
433,很多事情，一旦过了那个节点，就没有意义了：任何东西，在最想要的时候没得到，后来，也就不想要了…#音乐推荐 #抖音热歌 #一首歌一个故事 #热门音乐 @DOU+小助手
434,有时候人就是这么奇怪，受了天大的委屈都不会吭声，但听到安慰的话却泣不成声。那些硬生生憋回去的眼泪，往往会败给一句简单的安慰！#抖音热歌 #音乐推荐 #一首歌一个故事 #热门音乐 @DOU+小助手
435,缘分是本书，翻的不经意会错过，读的太认真会泪流。不要因为寂寞爱错人，更不要因为爱错人而寂寞一生。#抖音热歌 #音乐推荐 #一首歌一个故事 #热门音乐 @DOU+小助手#想你的心好苦
436,生命中总有一个人，再爱也无法相拥，再眷恋也无法相守，但凡被爱的人永远不会知道。爱你的人有多苦。请允许我尘埃落定，用沉默掩埋了过去...#抖音热歌 #音乐推荐 #一首歌一个故事 #热门音乐 #伤感音乐 @DOU+小助手
437,有多少人拿着合法的结婚证心里却装着一个不合法的人，过着没有爱的日子，最坏的结局不是离婚，而是装着继续过日子#抖音热歌 #音乐推荐 #一首歌一个故事 #热门音乐
438,生活可能不像你想象得那么好，但是也不会像你想象得那么糟，人的脆弱和坚强都超乎了自己的想象，有时候可能脆弱得一句话就泪流满面；有时候你发现自己咬着牙走了很长的路。#抖音热歌 #一首歌一个故事 #音乐推荐 #热门音乐
439,终于明白有些关系，除了再见，别无选择，万幸得以相识，又遗憾止于相识，藏在心底的那份爱，终是无法释怀……#抖音热歌 #一首歌一个故事 #音乐推荐 #热门音乐#你归人海我走天涯
440,每个人心里都藏着一个人，不是不爱，而是深爱，不是不联系，而是不能联系，不是不想忘，而是忘不掉，茫茫人海，能走进你心里的人，就会无时无刻去想那个人，没有一辈子的情，却有一辈子的思念#抖音热歌 #音乐推荐 #一首歌一个故事 @DOU+小助手
441,别人再好，也是别人，自己再不堪，也是自己，你很平凡， 但你独一无二，愿你精致到老，眼里长着太阳，笑里全是坦荡。#抖音热歌 #音乐推荐 #一首歌一个故事 @DOU+小助手
442,什么东西都可以拉黑删除，却唯独记忆删除不了。一场相遇，却留下一生的回忆，前一秒还在嘴角上扬，下一秒却湿了眼眶…#抖音热歌 #音乐推荐 #一首歌一个故事 #热门音乐 @DOU+小助手
443,这一生究竟要多幸运，才能遇到那个，待你如初，疼你入骨，陪你颠沛流离，陪你风雨依旧，见不得你受一点委屈，倾其所有也要护你周全的人#抖音热歌 #音乐推荐 #一首歌一个故事 #热门音乐
444,思念到极致，手机一响我都以为是你。余生，你的名字一直都在我心里，只思念，不相见，各安好，都平安#抖音热歌 #一首歌一个故事 #音乐推荐 #热门音乐
445,沉默不是没有情绪，那是没有再说的意义，比起诉说自己的委屈和不甘，沉默最好！#抖音热歌 #音乐推荐 #一首歌一个故事 #热门音乐 @DOU+小助手
446,疫情卷土重来，大家多加防范，愿苍天保佑，人间无险，愿时光转换，病毒早散，愿健康常在，我们平安，愿山河无恙，人间皆安。#抖音热歌 #一首歌一个故事 @DOU+小助手
447,其实我根本舍不得你，但我不会再找你了，难过归难过，错过归错过。结束归结束，没关系的，这次，我真的要放下你了……#音乐推荐 #抖音热歌 #热门音乐 #一首歌一个故事 @DOU+小助手
448,都是小人物，影响不了任何人，也载入不了史册，只要把自己的小日子过好，平平淡淡一生就好。#一首歌一个故事 #抖音热歌 @DOU+小助手
449,他刚好寂寞，你刚好天真，他动了嘴，你却动了心，后来他闭嘴了，你心碎了，他全身而退，你却独自崩溃…#音乐推荐 #抖音热歌 #一首歌一个故事 #热门音乐 @DOU+小助手
450,一场没完没了的疫情，让我们懂得了，生命的脆弱，金钱的无能，健康活着就是幸福，愿山河无恙，你我安好，#音乐推荐 #抖音热歌 #一首歌一个故事 @DOU+小助手
451,偏爱就是优先，偏爱就是独宠，偏爱就是例外，偏爱就是护短。其实最让人有安全感的不是爱，而是偏爱…#抖音热歌 #音乐推荐 #一首歌一个故事 #请你看着我的眼睛告诉我@DOU+小助手
452,长大是什么感觉，大概是既没成为想成为的人，又丢了原来的自己，既没得到一心想要的东西，又失去了原来拥有的快乐#抖音热歌 #翻唱#一首歌一个故事
453,时间在变，人也在变。生命就是一场无法回放的电影，有些事，不管你如何去努力，回不去就是回不去了。世界上最远的距离不是爱，不是恨，而是熟悉的人，渐渐变得陌生了#一首歌一个故事 @DOU+小助手
454,赶不上合适，碰不上认真，也遇不上坚定、那就轻轻的一个人走吧、走不了就随遇而安吧……总还是要活着#抖音热歌 #车载优盘 #一首歌一个故事 @DOU+小助手
455,最难过的不是结局不够好，而是付出的真诚从未被善待过……#一首歌一个故事 #音乐推荐 @DOU+小助手
456,我恢复了原来的样子，撤回了依赖，收回了温柔，放下了占有欲，你再也不是我的心上人，就算遗憾，也好过泪流满面#抖音热歌 #一首歌一个故事 #车载音乐 @DOU+小助手
457,如果有一天，我从你的世界彻底消失了，请别再加我了，也别再打扰我了，我真的折腾不起，你和我不一样，你转身有人陪，而我转身再苦在难熬，也是一个人扛着...#老歌翻唱 #一首歌一个故事 #热门歌曲 @DOU+小助手
458,人往往都是犯贱的，放着爱你的人不好好珍惜，反而为不爱你的抓着不放，注定今生为情所困，被爱所伤！#抖音热歌 #推荐歌曲 #一首歌一个故事
459,突然回首，又是一年，岁月以相同的方式经过每个人，每个人却已不同的方式经过了岁月#音乐推荐 #热门音乐 #一首歌一个故事
460,生活就是这样，别人只看结果，自己独撑过程，面对生活，我们除了坚强，就是继续，别无选择，路可以回头看，但不能回头走…#音乐热歌 #音乐推荐 #抖音热歌 #一首歌一个故事 @DOU+小助手
461,做不到的就别说，给不了的别承诺。因为承诺这东西就是一个骗子说给傻子听，不要看他说了什么，而要看他做了什么，毕竟说是不用花钱的#抖音热门 #热门歌曲 #一首歌一个故事 @DOU+小助手
462,我该用什么证明我爱过你呢，是我夜里红肿的眼睛，是我哭到沙哑的嗓子，还是我熬到凌晨三四点的心事.#音乐热歌 #抖音热歌 #一首歌一个故事 #每日歌曲推荐 @DOU+小助手#孤身的人
463,我到底欠了你什么啊，分开那么久，一个像你的身影都能影响我的情绪#音乐热歌 #音乐推荐#一首歌一个故事 @DOU+小助手
464,习惯是个强大的词，可以代替所有的一言难尽；看淡是两个优雅的字，可以掩饰所有的无可奈何#抖音热歌 #音乐推荐 #热歌推荐 #一首歌一个故事 @DOU+小助手
465,有些人喜欢你，两三个月就消失了  有的人两三年不联系，但依旧爱你，这路遥马急的人间，我又能在你心里住多久呢？留下一个你忘不了的名字，缩写也行。 #热歌分享 #一首歌一个故事 #回忆中拥抱 @DOU+小助手
466,有人宁愿孤身一人也不愿将就一生，有人宁愿将就一生也不愿孤身一人。孤身的人未必孤独，不孤身的人未必孤独#热歌分享 #抖音热歌 #音乐推荐 #一首歌一个故事
467,伸手要的安全感毫无意义，就像被提醒后的细节，变得分文不值，你懒得哄，我也懒得闹了，你想错过，那就错过吧……#热歌分享 #抖音热歌 #音乐推荐 #一首歌一个故事 @DOU+小助手#最后的离别
468,张爱玲说过一段话：“一个真正快乐的人，是那种在走弯路时，也不忘享受风景的人。”愿我们都是真正快乐的那个人！#热歌分享 #音乐推荐 #抖音热歌 @DOU+小助手
469,人生，人山人海，人来人往。自己，自尊自爱，自由自在！生活本是苦的，能寻找多少乐趣，全靠自己的能耐和选择#一首歌一个故事 #热歌分享 #音乐分享
470,心事放在酒里，喝不喝都会醉。牵挂藏在心里，说不说都在想。因为无能为力，所以只能顺其自然。有些东西，后来的人给不了。有些东西，也给不了后来的人。#抖音热歌 #热门歌曲 #一首歌一个故事 #音乐推荐
471,总有一些事，我们不愿它发生，却必须接受；总有些东西，我们不想知道，却必须了解；总有些人，我们不能没有，却必须学着放手#一首歌一个故事 #音乐推荐 #热门歌曲 @DOU+小助手#如果来生还能遇见
472,人这一辈子，最放不下的东西，其实就只两个字，“情”、“钱”，为了钱起早贪黑，为了情掏心掏肺，到头来，钱带不走，情留不住！#抖音热歌 #音乐分享 #一首歌一个故事 @DOU+小助手
473,每个人都有属于自己的一片森林，也许我们从来不曾去过，但它一直在那里，总在在那里。迷失的人迷失了，相逢的人也会再相逢，不会忘记的，永远不会忘记；会忘记的，留着也没用#抖音热歌 #音乐推荐 #音乐分享 #挪威的森林
474,第一眼就喜欢的人，真的会喜欢很久很久很久，不是因为这个人有多好。是因为他是我们想要一直在一起的人，但是往往也是最没有结果的人#音乐推荐 #热门歌曲 #一首歌一个故事
475,你携风带雨而来，我无处可避，你走时乱了四季，我久病难医……#音乐推荐 #热门推荐 #一首歌一个故事 #月满西楼 @DOU+小助手
476,一切都是自己的选择，即使打掉牙也要往肚子里吞，我不后悔…我愿意为我的错误买单，但我不后悔我的任何决定，我从来不怀疑自己的眼光，之所以事与愿违，是我能力不够… #音乐推荐 #一首歌一个故事 #把孤独留给自己 #热门音乐
477,总有一段路要自己一个人走，总有一些事，也总有一份孤独，需要自己一个人承受， 别人在等伞，而我在等雨停。#抖音热歌 #一首歌一个故事 #音乐推荐 #热门音乐
478,人，一旦动了心，有了感情，就没有那么容易忘记。很多人心里都住着一个人，不是不爱，而是深爱，不是不联系，而是不能联系，不是不想忘，而是忘不掉。茫茫人海，不是每个人都能轻易的走进你的心#音乐推荐 #抖音热歌 #一首歌一个故事 #回忆中拥抱 @DOU+小助手
479,别人再好，也是别人，自己再不堪，也是自己。我很平凡但有一颗善良的心，愿你三冬暖，愿你春不寒，愿你雨天有伞，愿你梦能安，笑里全是坦荡！愿我们一切如愿#音乐推荐 #歌曲愿你 @DOU+小助手 #一首歌一个故事#音乐推荐
480,这世上最憋屈的，是越爱越远的人和越等越大的雨。有些人表面上满面春风，其实内心万丈雪原，寸草不生。从有你真好到没你也行，这中间的艰辛你怎么会知道。#音乐分享 #抖音热歌 #热歌分享 #一首歌一个故事
481,谁的生活不是一地鸡毛，人间非乐土，各有各的苦，前路颠簸，无人能为你背负更多……#抖音热歌 #热歌分享 #一首歌一个故事 #音乐推荐 @DOU+小助手
482,这个时代不缺笑话，缺真话，这个时代，不缺感情，缺真情，愿以后的路有人真心陪你，爱你如初，疼你入骨，愿深情不被辜负…………#抖音热歌 #音乐分享 #热歌分享 #@DOU+小助手
483,有些人喜欢你，两三个月就消失了。有的人两三年不联系，但依旧爱你，这路遥马急的人间，我又能在你心中住多久！#抖音热歌 #音乐推荐 #音乐分享 #我以为你爱我 @DOU+小助手
484,你要的自由，我还给你了，从此你叫长安，我叫故里。长安尽头无故里，故里从此别长安。#音乐推荐 #抖音热歌 #一首歌一个故事 @DOU+小助手
485,人生，人山人海，人来人往。自己，自尊自爱，自由自在，温柔且坚定，不负时光的馈赠，活成自己想要的样子，女神节快乐！#抖音热歌 #音乐推荐 #一首歌一个故事 #@DOU+小助手
486,说实话吧，你的样子已经模糊记不清了，你的声音也已好久没再听过！但你的名字一直在心里珍藏着#抖音热歌 #一首歌一个故事 #你的样子 #音乐推荐
487,一两心酸 一两悲，一两人生 ，一两泪，青年不懂何为苦 ，暮年方知岁月愁 ！#抖音热歌 #音乐分享 #一首歌一个故事 @DOU+小助手
488,后来我才明白，不联系一个人，不是难事，不想才是，是这样的吗？#热歌分享 #女神节快乐 #热歌分享 #回忆中拥抱 #一首歌一个故事 @DOU+小助手
489,我愿意为我的错误买单，但我不后悔我的任何决定，我从来不怀疑自己的眼光，之所以事与愿违，是我能力不够…#抖音热歌 #热歌分享 #把孤独留给自己 #一首歌一个故事
490,时间不会回头，人生没有如果；失去的已不再回来，回来的已不再完美；今天不容易，明天会更难，但后天终将美好；迎着阳光，温暖前行#抖音热歌 #热歌分享 #一首歌一个故事 @DOU+小助手@白骨精
491,可惜后来才明白，感情并不是你对他越好，他就能多爱你一点，事实往往是，你对他越好，他越不珍惜你#抖音热歌 #音乐推荐 #一首歌一个故事 @DOU+小助手
492,回不去的曾经，留不住的过往，好不经用的时光，还有小时候印在脑海中的景象，就这么清晰的浮现在眼前…#抖音热歌 #一首歌一个故事 #热歌分享 #音乐推荐
493,不必生的惊艳但要活的漂亮，要长大要坚强要不负众望，要努力活成自己想要的模样，记得别低头皇冠会掉，提前祝各位女神节日快乐#三八女神节 #抖音热歌 #音乐推荐 #歌曲愿你 #一首歌一个故事
494,如果有人一直快乐，那一定是装的，如果有人一直不快乐，那一定是自找的#抖音热歌 #一首歌一个故事 #热歌分享 #回忆中的拥抱 @DOU+小助手
495,"人人都懂得这道理，可是迁就和包容也要遇到对的人，否则就是纵容他人一次又一次的伤害自己，
#抖音热歌 #一首歌一个故事 #音乐推荐 @DOU+小助手"
496,人生一站有一站的风景，一岁有一岁的味道，无论别人如何待你，请一定好好善待自己，因为曾经的美好，再也找不回…#音乐推荐 #一首歌一个故事 #抖音热歌 #返老还童丹
497,青春终究输给了年轮，激情还是留在了青春，人到中年，双肩重担几欲窒息，只剩下埋头苦干#一首歌一个故事 #音乐推荐 #抖音热歌 @DOU+小助手
498,如今的我，无论什么关系，我看不到我想要的态度，我就不会再给你想要的细节，你表现的毫无兴趣，我自然会收回对你的所有好！#抖音热歌 #一首歌一个故事 #把孤独留给自己 @DOU+小助手
499,明明该有一个结果，偏偏留下伤口，给我最伤痛的泪…#抖音热歌 #音乐分享 #一首歌一个故事 @DOU+小助手
500,那些受过的委屈，无处言说的痛苦，还有偷偷擦掉的眼泪，最终都会成为你生命里的星光，照亮你前行的路#抖音热歌 #一首歌一个故事 #音乐推荐 @DOU+小助手
501,人生最大的遗憾，莫过于遇到一个特别的人，却永远不能在一起，或早或晚，你不得放弃，最后让你遗憾的不是得不到，而是舍不得，不爱，是一生的遗憾，爱，是一生的磨难，感情就是这样，进一步没资格，退一步又舍不得#抖音热歌 #音乐推荐 #热门歌曲 #一首歌一个故事 @DOU+小助手
502,后来才发现，人生最大的遗憾，不是你错过了最好的人，而是你错过了那个，最想对你好的人#抖音热歌 #音乐推荐 #一首歌一个故事 #痴情人无情酒 #热门歌曲 @DOU+小助手
503,多深的债啊，十几亿人中都能找到对方，多薄的情啊，两个人的名字就是不能同时写在巴掌大的纸上#音乐分享 #抖音热歌 #把悲伤留给自己烟嗓版 #一首歌一个故事 @DOU+小助手
504,好不容易心动一次，你却让我输得这么彻底，我认了真，你却转了身，你想走我根本也留不住，如果当初没有遇见该多好……#音乐分享 #音乐推荐 #音乐治愈 #一首歌一个故事#我认了真你转了身@DOU+小助手
505,幸福大概就是，你喜欢粘着的那个人永远也不嫌你烦，你不用多好，我喜欢就好，我没有很好，你不嫌弃就好！深情不及久伴，厚爱无需多言，陪伴是最长情的告白，一直陪着我吧，只要是你就好！#音乐推荐 #音乐分享 #抖音热门 @DOU+小助手
506,若记忆不会苍老，何惧轮回路走几遭。只恨人间，不够千年#音乐分享 #抖音热歌 #音乐推荐 #一首歌一个故事
507,满眼都是你的人，才配的上你的爱，与年龄何干，婚史何妨，大胆一点，失败在遗憾面前根本不值一提#一首歌一个故事 #音乐分享 #抖音热歌 #花姐@DOU+小助手
508,酒杯太浅。敬不到来日方长，巷子太短，走不到白发苍苍。不是年少守不住旧心。而是岁月荒了人心。人生最大的遗憾不是错过最好的人，而是错过那个想对你好的人。#音乐分享 #抖音热歌 #一首歌一个故事 #@DOU+小助手
509,人生最痛苦事是，在不懂爱的年龄，选择了婚姻，而在懂爱的年龄，遇到了不能在一起的人。杯中倒满无情酒，心中再无意中人，看尽人生红尘梦，尝尽人间疾苦情，喝着最烈的酒，忘最难忘的情。#抖音热歌 #音乐推荐 @DOU+小助手
510,有什么抵得过心甘情愿，又有什么蠢得过自欺欺人，心灰意冷的那一刻，所有的失望都不值一提。#音乐分享 #抖音热歌 #音乐推荐 #一首歌一个故事
511,不被你重视的每一秒，我都在慢慢撤回我的好！从此你阅人何其多，也再无一人恰是我！#音乐分享 #抖音热歌 #音乐推荐
512,直到今天，你依然是我拒绝别人的理由，其实我没有在等你，只是没有办法，喜欢另外一个人而已…#音乐分享 #音乐推荐 #抖音热歌 #用余生忘记你#一首歌一个故事@DOU+小助手
513,自己在乎的东西别人碰一下都认为在抢爱到骨子里的人，别人聊一下都害怕失去，这就是爱情，在乎才会胡思乱想#音乐推荐 #抖音热歌 #一首歌一个故事 #抖音热歌
514,你是我得不到又舍不得放下的人，每次想起心都会疼！明知不能爱，却偏偏深爱，明知该放下，却又舍不得，我喜欢你并不是你的长相，而是因为你在特殊时间里，给了我别人给不了的感觉，说不出哪里好，可就是谁也替代不了#音乐分享 #音乐推荐 #一首歌一个故事 #得不到又舍不得的人 #
515,后来的我们，考虑车，考虑房，考虑彩礼，考虑家庭背景职业，考虑了很多，却唯独不再考虑爱情#音乐推荐 #抖音热歌 #一首歌一个故事 @DOU+小助手
516,能说服人的，从来都不是道理，而是南墙。能教人成长的，从来也不是书籍，而是经历。人总是会以自己最不喜欢的方式成熟着#音乐分享 #音乐推荐 #抖音热歌 #一首歌一个故事
517,我特别想告诉全天下所有的男人一句话，其实这女人呀你越懂她、她就越温柔。你越宠着她，她就越离不开你，你千万别跟她犟，犟到最后赢了道理，你却把她弄丢了。#抖音热歌 #音乐分享 #一首歌一个故事 #世界和平
518,我真的不明白，为什么我满眼是你，而你非要逼我放下，非要让我攒着所有的失望离开#音乐分享 #抖音热歌 #一首歌一个故事 #爱死了昨天 @DOU+小助手
519,没有人会在意你受了多少委屈，他们只会在你情绪爆发的时候指责你不懂事！原来所谓懂事都是懂别人的事，不能考虑自己，那样，我宁愿不懂事#抖音热歌 #音乐分享 #一首歌一个故事 @@DOU+小助手
520,挺喜欢现在的自己，能忍住一肚子情绪，还装作没事的样子，虽然夜里偶尔会软弱崩溃，天亮后，仍然能笑脸面对！#音乐分享 #抖音热歌 #一首歌一个故事 @DOU+小助手
521,只想念不联系，只牵挂不打扰，把你放在内心深处是我最后爱你的方式，我以过客之名愿你过的幸福安稳！#音乐分享 #抖音热歌 @DOU+小助手 #一首歌一个故事
522,你我之间的晚安，好像变成了一个礼貌，睡不睡谁知道了，反正话题是终止了#抖音热歌 #音乐分享 #音乐推荐 #一首歌一个故事
523,什么事都憋在心里，父母不能言，朋友不能语，那种感觉只有自己的眼泪才知道，成年人的心酸，只有眼泪知道#音乐分享 #热门歌曲 #抖音热歌 #一首歌一个故事@DOU+小助手
524,一场相遇，一生铭记，你不在身边，却永远在心里，会心疼，会牵挂……这条路只有一程，我贪心的想不要身份的陪你一生#热门歌曲 #音乐分享 #落花满天 #一首歌一个故事 #抖音热歌@DOU+小助手
525,生活的苦和泪算什么，缺钱才是一个成年人崩溃的开始，没有钱的支撑，当生活给了你一巴掌，你根本无力应对。#音乐分享 #热门歌曲 #一首歌一个故事 #光明
526,别再来关心我了，我怕我会上瘾，更害怕以后放不下的只有我。更别偷偷来看我，过的不好，你就难过，我过的好你会更难过#音乐分享 #热门歌曲 #我的世界不再有他#一首歌一个故事 @DOU+小助手
527,人都是犯见的，放着爱你的人不好好珍惜，伤你的人却爱得死去活来，到最后爱你的人走了，你爱的人把你折磨的遍体鳞伤#音乐分享 #热门歌曲 #爱你是那么的辛苦 #@DOU+小助手
528,生活呢 ，本就平淡如水，你放一点盐，它就是咸的，你要放一点糖呢，它就是甜的，想要调成什么样的味道全凭你自己#音乐分享 #20220222中国式浪漫 #热门歌曲 #一首歌一个故事
529,别让任何人消耗你内心的晴朗，生活应该是被热爱的人和事填满，让来的人来，让去的人去，顺其自然是对生活最大的成全。#热门歌曲 #dou #一首歌一个故事 #音乐分享
530,明天就是2022年2月22日，千年一遇的全网示爱日，明天是正月二十二，也是星期二，一定要在晚上的22：22分，给你最爱的人说一句“我爱你”，因为这是爱你最多的时刻。#音乐分享 #热门歌曲 #一首歌一个故事 #歌曲愿你 #DOU
531,药不治假病，酒不解真愁，衣不如新，人不如故，青涩不及当初，聚散不由你我，安慰了别人，缺放不过自己……#音乐分享 #一首歌一个故事 #抖音热歌#桂衣旧巷
532,生活里没有险恶你不会成长；感情里没有失去你不会成熟；人:唯有相处，才知好坏。事:唯有经历，方知深浅#热门歌曲 #一首歌一个故事
533,情绪这东西，是真心不好控制，开心的时候，空气都是甜的，心烦的时候，连呼吸都是困难的，只有自己能体会疲惫的时候心里有多难受…#音乐分享 #热门歌曲 #一首歌一个故事
534,我知道一定会有好起来的那一天，但是在好起来的那一天到来之前，每一天都实属难熬#音乐分享 #最怕听懂一首歌 #再听已是曲中人 #一首歌一个故事
535,生活，不是这样，就是那样，总之不是你想的那样，所以，得之坦然，失之淡然，顺其自然#抖音小助手 #抖音热歌 #一首歌一个故事
536,人生就像下象棋，拿你有的 ，换你要的 这个世界一直如此 ，很残酷 ，却公平 #音乐分享 #一首歌一个故事 #抖音热歌
537,一个爱到入骨的人，可以忍得住不联系，却忍不住想念，那种痛苦和煎熬，只有经历过的人才知道心有多痛！思念到极致，看谁都像你#最怕听懂一首歌 #音乐分享 ##抖音热歌
538,后来才明白，能伤到我的都是我在乎的人，能骗到我的都是我信任的人。#抖音热歌 #音乐治愈 #音乐分享#爱你是那么的辛苦
539,懂你的人，不需要解释， 不懂你的人，不值得解释。在这世间，找一个跟自己过日子的人并不难，难的是这个人能看懂你无奈背后的心酸，落寞底下的委屈。#音乐治愈 #最怕听懂一首歌 #热门歌曲
540,坐错车是后悔，错过车是遗憾，迟到的温柔和深情都没有意义，不可能的人别等，别问，别期待，你不是他的例外…#情感音乐 #音乐分享 #一首歌一个故事 #DOU #用余生忘记你
541,世人慌慌张张，唯图碎银几两。偏这碎银几两，能解世间惆怅，这碎银几两也断了儿时念想，让世人染上沧桑压弯脊梁。上不能对父母尽孝，下不能陪孩子成长#音乐分享 #情感音乐 #一首歌一个故事 #DOU
542,等你再见我的时候，我会变得成熟稳重，极致温柔，你想要的样子我都有，只是眼中再无你，至于过程，你不必知道#音乐分享 #一首歌一个故事 #情感音乐#那么疼你那么爱你
543,能说服人的，从来都不是道理，而是南墙。能教人成长的，从来也不是书籍，而是经历。人总是会以自己最不喜欢的方式成熟着。#音乐推荐 #抖音热歌 #热歌推荐 #热门音乐 #一首歌一个故事
544,认识一个人，不在于时间长短，而是在于，彼此懂得和珍惜。这个时代，不缺笑话，缺真话；这个时代，不缺感情，缺真情。人潮拥挤，相遇不易，且行且珍惜！愿以后的路有人待你如初，疼你入骨！#抖音热歌 #音乐推荐 #音乐分享 #热歌推荐 #何大叔
545,我愿意为我的错误买单，但我不后悔我的任何决定，我从来不怀疑自己的眼光，之所以事与愿违，是我能力不够…#热门音乐 #音乐推荐 #一首歌一个故事 #爱死了昨天
546,只要最后归来的是你，千万人走来都是路过，所以，你来的晚一点我也会等你。如果归来不是你，我就把你记在心窝里，人这辈子总会饮下一杯毒，是没有解药的#情感音乐 #抖音热歌 #一首歌一个故事 #歌曲等你归
547,九九步喜欢，退一步尊严，我可以满眼都是你，也可以眼里再无你，如果你耗尽了我热情，耗尽了我的喜欢，耗尽了我的温柔，再爱我也会立刻转身，从此退出你的世界，任何关系，只要你想陌生，我绝不多看你一眼！#抖音热歌 #情感音乐 #热门音乐 #九十九步退一步
548,这个年纪的我们，内心渴望安稳，但骨子里又不甘平庸。不喜欢孤独，却有时喜欢一个人呆着，厌恶一切虚伪和不诚实的东西，但又不得不每天带着面具活着#抖音热歌 #情感音乐 #热门音乐 #一首歌一个故事 #谢谢你的爱
549,别人再好，也是别人，自己再不堪，也是自己。你很平凡，但你独一无二，愿你精致到老，眼里长着太阳，笑里全是坦荡！#抖音热歌 #音乐分享 #热门音乐 #一首歌一个故事 #歌曲愿你 #情感音乐
550,希望下辈子我们早点相遇，那时你正当娶妻我正逢嫁人，你许我一生所爱皆我，我应你一世满眼是你，别再这样错过了！#音乐分享 #一首歌一个故事 #热门音乐 #抖音热歌 #想你的心好苦
551,愿生活可以如诗般自由，吃想吃的饭，见想见的人，看喜欢的风景，做可以做的事，心不老，有人一起胡闹，你还在，我依然#抖音热歌 #热门音乐 #音乐分享 #一首歌一个故事#何大叔
552,花灯万里合家欢，月色婵娟共此时。元宵佳节，愿你一路生花，左右逢圆，愿你爱的人，你爱的人都在身边，不在身边的也在思念#音乐分享 #热门音乐 #万事如意#抖音热歌
553,这一生究竟有多幸运，才能遇到那个待你如初，疼你入骨，陪你颠沛流离，陪你风雨依旧，见不得你受半点委屈，倾其所有也要护你周全的人！一生何求，有你足以！#热门音乐 #歌曲愿你#一首歌一个故事 #音乐分享
554,跌跌撞撞已经三十岁了，过去事，过去人，笑笑就好，现在事，现在人，尽心就好，未来事，未来人，随缘就好，别指望，别盼望，也别失望。#抖音热歌 #音乐分享 #音乐推荐 #男版时间请慢些走 #热门音乐
555,很心酸吧，曾经那个和你聊天到深夜，做什么都会告诉你，忙完了第一时间找你聊天的人，终于无话可说了#歌曲愿你 #抖音热歌 #音乐分享 #如果当初忍住做朋友 #一首歌一个故事
556,余生很短，一定要去爱一个：一见你，就笑；一见，你就笑的人。最浪漫的遇见大概就是：你刚好转头，他刚好抬头。#歌曲愿你 #音乐分享 #抖音热歌 #我在人海遇见你 #一首歌一个故事
557,其实所有节日，都不是为了礼物而生，而是提醒我们，不要忘记，爱与被爱，生活需要仪式感，而你需要是，在乎和关爱。#音乐分享 #一首歌一个故事 #抖音热歌 #热门 #情人节与我无关
558,今天就是情人节了，我不要鲜花，不要承诺，不要红包，也不要礼物，只想好好拥抱一下自己，跟自己说一声“我爱你”#音乐分享 #歌曲愿你 #热歌推荐 #一首歌一个故事
559,明天就是情人节了，偷偷许个愿 “我有两个心愿 ：你在身边 ；在你身边 ，你在时，你是全世界；你不在时，全世界是你”#抖音热歌 #音乐推荐 #热歌推荐 #一首歌一个故事 #歌曲愿你
560,如果一个人因为一点好就原谅你所有的错，你要珍惜，因太多的人因为你一点的错而忘记了你所有的好#一首歌一个故事 #抖音热歌 #热歌推荐 #音乐推荐 #簇拥烈日的花
561,最终把你逼疯的人，都是口口声声说对你好的人；最终让你最不信任的人，都是你最初最信任的人，最终让你蜕变的人，都是你拿命去赌的人…#抖音热歌 #一首歌一个故事 #音乐分享 #热歌推荐 #音乐推荐 #动力火车
562,如果放弃真的那么容易。谁会选择卑微的纠缠。道理谁都懂。可是真爱过的人，又怎能轻易放弃#音乐分享 #一首歌一个故事 #抖音热歌 #热歌推荐 #再无归期无归人
563,这一生究竟有多幸运，才能遇到那个待你如初，疼你入骨，陪你颠沛流离，陪你风雨依旧，见不得你受半点委屈，倾其所有也要护你周全的人！一生何求，有你足以！#抖音热歌 #音乐分享 #音乐推荐 #情感音乐 #掌心之中
564,其实你不必那么冷淡，我从没想过要纠缠你，你敷衍的那么明显，我怎能不知，其实你我之间，只要我一转身便结束了#抖音热歌 #音乐推荐 #热歌推荐 #一首歌一个故事 #走江南
565,人活着别想太多，昨天的太阳，晒不干今天的衣服，明天的风雨，淋不到今天的自己。该忘得忘，该放的放，让心归零，微笑前行，去遇见你的温暖与幸福，你要的一切都在路上#音乐推荐 #抖音热歌 #热歌推荐 #一首歌一个故事 #刀郎 #
566,从有你真好，到没你也行，这中间的心酸与艰难你怎会知#音乐推荐 #一首歌一个故事 #抖音热歌 #热歌推荐 #怨苍天变了心
567,我始终相信，所走之路，所经之事，所遇之人，所留之遗憾，都是应该经历的，对错不由心，聚散不由人，不必难过，山水一程，天各有命！#抖音热歌 #音乐推荐 #热歌推荐 #掌心之中 #情人节
568,不小心摔了一跤，虽然很疼，但没怪路不平，我怪自己视力不好。也怪自己不长记性，愿以后的日子里清净，抬头看见的都是温柔#抖音热歌 #音乐推荐 #热歌推荐 #一首歌一个故事 #歌曲愿你
569,从有你真好，到没你也行，这中间的心酸与艰难你怎会知道。#音乐分享 #音乐推荐 #抖音热歌 #一首歌一个故事 #热歌推荐
570,情绪崩溃时，不想说话，不想倾诉，也不想见任何人，只想找个地方，清静几天，好好反省一下自己#音乐推荐 #音乐分享 #情感音乐 #一首歌一个故事 #一生最爱的是你
571,什么事都憋在心里，父母不能言，朋友不能语，那种感觉只有自己的眼泪才知道，成年人的心酸，只有眼泪知道#音乐推荐 #音乐分享 #抖音热歌 #一首歌一个故事 #有多少爱可以重来
572,该经历和不该经历的都经历了，该忍受的和不该忍受的都一一吞下了，还畏惧什么，人生无非两种结果，见效了和见笑了……#音乐推荐 #抖音热歌 #情感音乐 #一首歌一个故事 #歌曲作酒
573,最暖心的一句话：只要你要，只要我有，我所能，倾我所有，你若一直在，我便一直爱，你若不在，封心锁爱……#音乐推荐 #音乐分享 #抖音热歌 #掌心之中 #热门音乐 #魏佳艺
574,把身体照顾好，把喜欢的事做好，把重要的人待好，你要的一切都在路上.#音乐推荐 #音乐分享 #抖音热歌 #启程 #热门 #一首歌一个故事
575,深不过真情，凉不过人心，美不过回忆，伤不过离别，人可以多情，但别自作多情，捂不热的心就别捂了，得不到人就别要了。#抖音热歌 #音乐推荐 #音乐分享 #如果当初忍住做朋友 #一首歌一个故事
576,终于熬成了不想聊天，也不想去联系谁，厌烦很多是是非非和虚伪的嘴脸，也厌倦了人情世故，只想享受孤独，舒服又简单！#抖音热歌 #音乐推荐 #热歌推荐 #街角恋人 #一首歌一个故事
577,人生上半场我已经输了，但没关系，我还活着。先让我缓缓，下半场我会拼进全力，要么出现奇迹，要么出丑到底，人生没有终点，我会全力以赴。#音乐分享 #热门 #抖音热歌 #一首歌一个故事 #一个俗人
578,直到今天，你依然是我拒绝别人的理由，其实我没有在等你，只是没有办法，喜欢另外一个人而已…#音乐分享 #抖音热歌 #一首歌一个故事 #你是我放弃别人的理由#热门
579,人间有许多悲伤，我承担的不是全部，这样就很好，我无所期待，无所怠慢！我不相信除了你还有照亮我的事物 ，我也不相信没有你，我就一直灰暗。#抖音热歌 #一首歌一个故事 #海来阿木 #热门#我们一直在相遇的路上
580,我曾经以为你是上天给我的补偿，所以我失去原则放弃底线，可是后来才发现，终是庄周梦了蝶，你是恩赐，也是劫.…..#音乐分享 #抖音热歌 #热门 #一首歌一个故事 #你是恩赐也是劫
581,新年伊始，新的旅途，新的起点，愿今年、愿你我，不再畏惧生活，不再困惑感情，愿平安、愿喜乐、愿真心的笑、愿开心的唱#沧海一声笑 #音乐分享 #抖音热歌 #一首歌一个故事 #热门
582,说多了怕你烦、说少了怕你不明白、我的话卡在喉咙里进退两难 #热门 #抖音热歌 #一首歌一个故事 #音乐分享 #这一生关于你的风景
583,成年人的世界，除了快乐是假的，钱难赚是真的，心难交是真的，无助是真的，迷茫是真的，回头一看没有人能依靠也是真的#情感 #抖音热歌 #热门 #一首歌一个故事 #朋友别哭
584,时间会把对你最好的人，留在最后，毕竟喜欢是一阵风，爱是细水长流。留在各自记忆里的永远都是最美的样子，余生，各自安好！#抖音热歌 #情感 #热门 #萍聚 #一首歌一个故事
585,人一旦不害怕失去，态度就会变得，随你意，你随意！有时候失去比拥有更踏实，沉默是一场体面的退出，是一场理性的回避，是给别人留出空间，也给自己留余地…#音乐分享 #热门 #抖音热歌 #歌曲愿你 #你看你看月亮的脸
586,生命中总有那么一个人，断了所有的联系，却断不了心中的惦记，深深记得，却从不打扰，只要你过得好，其他都不重要。#音乐分享 #抖音热歌 #热歌推荐 #热门 #旧事重提
587,那种满怀期待去见你的场景不会再有了，拼了命的喜欢，到最后还是什么都留不住。愿你在我们不相见的余生里，诸事皆随你所愿#热门 #情感 #热歌推荐 #歌曲愿你 #一首歌一个故事
588,人生如棋，如行舟，如水如画，亦如戏。苦辣酸甜尽在其中，人生的履历表要靠我们自己来#情感 #抖音热歌 #一首歌一个故事 #热门 #凡人歌#音乐分享
589,"愿所有美好如期而至,愿万物能有个好结果,愿以后的生活不辜负,感谢经历,感谢陪伴,感谢所有...#情感 #音乐推荐 #抖音热歌 #热门 #萍聚"
590,没什么可以抱怨的，我所有的开心和难过，所承受的一切，都是为我之前的决定买单，人生没有白走的路，每一步都算数#音乐分享 #音乐推荐 #音乐治愈 #热门 #抖音热歌 #曾经心疼@白骨精
591,见过花就好了，又何必在乎花属于谁。你记得花，花就不会枯萎，你记得我，我就会一直在。#音乐分享 #热门 #我在人海遇见你 #一首歌一个故事
592,"何为距离？天南，地北，不相依！可否具体？街前，巷尾，不相遇！可否再具体？
蓦然回首，灯火阑珊，不见你。#热门 #抖音热歌 #音乐分享 #一首歌一个故事 #相思"
593,不是每个擦肩而过的人，都会相识，也不是每个相识的人，都会让人牵挂，不求你记得我一辈子，只求你别忘记，你的世界我来过#热门 #抖音热歌 #一首歌一个故事 #热歌推荐 #音乐分享 #相见难别亦难
594,真正想通之后，反而会变得释然，念念不忘也好，撕心裂肺也罢，就是突然间不想要了……#音乐分享 #抖音热歌 #热歌推荐 #热门 #两散 #一首歌一个故事
595,没什么可以抱怨的，我所有的开心和难过，所承受的一切，都是为我之前的决定买单，人生没有白走的路，每一步都算数#抖音热歌 #热门 #音乐分享 #热歌推荐 #杯水情歌
596,不要等我哭了，你才说疼我；不要等我累了，你才想起我；不要等我走了，你才说舍不得我。感情不是等你有空了才去珍惜… 有些爱，当初没有珍惜，再捡就捡不起来了#抖音热歌 #音乐分享 #热门 #热歌推荐 #雨停了才送伞
597,回也匆匆，去也匆匆。一眨眼春节就过完年了，又得收拾行囊离家，踏上打工的路程了，到底什么样的终点，才配的上这一路的颠沛流离！#抖音热歌 #热歌推荐 #热门 #背井离乡 #流浪兄弟 #一首歌一个故事
598,光阴谴绻，终成老旧。庆幸有你，暖透流年，凡事到了回忆的年纪，那些所谓的曾经，变得那么的弥足珍贵，走过恨，迈过怨，成就爱…#音乐分享 #抖音热歌 #音乐推荐 #热门 #一首歌一个故事 #把酒话前尘
599,有人想见我，我却百般推辞；你站在那什么都不用做，我却每天想见你；你说，是我不知道好歹还是你不知好歹…#音乐推荐 #抖音热歌 #热门 #一首歌一个故事 #三生石下
600,以前总搞不明白，两个互相喜欢的人，为什么不能一直走下去，现在知道了，原来是有个人在撒谎#音乐分享 #抖音热歌 #音乐推荐 #热门 #回心转意
601,没什么可以抱怨的，我所有的开心和难过，所承受的一切，都是为我之前的决定买单，人生没有白走的路，每一步都算数!#抖音热歌 #音乐推荐 #热门 #热歌推荐 #一首歌一个故事 #紫色烟花
602,你可以忘记一座城市的风景，却忘不了那座城的某个人。有一天你再经过这座城市，一切都物是人非，但是某人永远在你心里…#音乐分享 #抖音热歌 #音乐推荐 #热门 #一首歌一个故事 #听闻远方有你#热歌推荐
603,回也匆匆，走也匆匆！一眨眼春节就过完了，又得收拾行李出门，踏上打工的路程了，到底什么样的终点，才配得上这一路的颠沛流离。但愿岁月不负你，但愿好运不离你#音乐分享 #热门 #音乐推荐 #但愿 #一首歌一个故事
604,很多事情，一旦过了那个节点，就没有意义了：任何东西，在最想要的时候没得到，后来，也就不想要了…#抖音热歌 #音乐推荐 #热门 #一首歌一个故事 #吹眼睛
605,愿有一人，疼你如初，待你入骨，愿有一人，知你冷暖，懂你悲欢，愿有一人，陪你颠沛流离，风雨依旧，愿有一人与你黄昏，有人问粥可温，愿有一人不离不弃，陪你度度过余生！#热门 #音乐推荐 #抖音热歌 #但愿 #一首歌一个故事
606,"祝福的话,年年都是那一套,你我平安就好,其余的都是锦上添花！#热门 #抖音热歌 #音乐推荐 #热歌推荐"
607,忙碌的一年 终于到头了，这一年 有人见尘埃，有人见星辰，不过没关系 都翻篇了，这一年虽然很累 但很充实，虽然匆匆 但未曾虚度！而我们最终收获的是年龄，失去的是时间！愿我们与旧事归于尽，来年依旧迎花开#热门 #音乐推荐 #抖音热歌 #音乐分享 #但愿
608,新的一年我想对最爱的您说，祝您和家人幸福安康，万事如意，让健康深爱着您，让快乐拥抱着你，让幸福围绕着您，让平安守护着你，记得照顾好自己，我时刻想着您，牵挂着您，爱着您#音乐分享 #热门 #音乐推荐 #虎哥来了 #平安团圆年#虎哥来了
609,来日不一定方长，再见不一定能再见，没有永远的永远，所以当下即是最好，愿多年以后，单纯的人依旧单纯，善良的人依旧善良。不为世俗改变，只为自己的初衷#音乐分享 #抖音热歌 #情感音乐 #热门 #可不可以再爱我一次
610,我想对我最爱的人说：相遇靠缘分，相守靠人心，不是所有人，都能走进我的心里。真心只有一颗，我却毫无保留的给了你，自从遇见你，我的心时刻都在想你念着你，牵挂着你，爱你#音乐分享 #音乐推荐 #抖音热歌 #热门 #这世界这么多人 #韩红
611,"朝暮 岁岁 尔尔 年年
平安喜乐 万事胜意 祝你 祝我 祝我们#音乐分享 #音乐推荐 #平安团圆年 #热门"
612,2021再见，2022你好！往事清零，爱恨随意，愿2022一切美好如期而至，愿一切努力都有好的结果，不为往事忧，只为余生笑！#抖音热歌 #音乐分享 #央视虎年春晚 #情感音乐 #别知己
613,新的一年，新的开始。往事清零，爱恨随意。头顶蓝天脚踩大地，愿我们赚不完的人民币；2022祝我们，发财被爱 &好运常在#抖音热歌 #音乐推荐 #热门 #花姐
614,除夕过后，你将涅槃重生，逆风翻盘，这一局是必胜局。加油，幸福在2022年等着你#音乐推荐 ##抖音热歌 #一首歌一个故事 #热门 #好运来
615,忙碌的一年 终于到头了，这一年 有人见尘埃，有人见星辰，不过没关系 都翻篇了，这一年虽然很累 但很充实，虽然匆匆 但未曾虚度！而我们最终收获的是年龄，失去的是时间！愿我们与旧事归于尽，来年依旧迎花开#音乐推荐 #热门 #一首歌一个故事 #但愿 #平安团圆年
616,这一生，我们都走在回家的路上。再次出发，只是为了日后更幸福从容的回家。路，没有尽头。家，存于心间！#音乐推荐 #情感音乐 #回家的人 #热门
617,无论我们以后疏远成什么样子，请记住我对你的情都是真的，三生有幸遇见你，即使悲凉也是情#抖音热歌 #平安团圆年 #情感音乐 #一首歌一个故事 #恰似你的温柔
618,偷偷许个愿，希望我的2022，我喜欢的一切都不要辜负我，没有失眠没有忧虑，陪我碎碎念念的人也能一起岁岁又年年～#情感 #平安团圆年 #热门 #音乐推荐 #抖音热歌 #但愿
619,"总以为自己还年轻，却忽略了岁月的脚步。当身边的一道道风景，变成了回忆，才忽然发现，风景依然在，人已非少年。
起初，我们揣着糊涂装明白，后来，我们揣着明白装糊涂。#抖音热歌 #音乐分享 #情感音乐 #平安团圆年 #致曾经"
620,若不是为了碎银几两，谁愿意把青春留在他乡，谁愿意颠沛流离四处流浪，我记得故乡的模样，故乡却早已把我遗忘…可偏偏就是这碎银几两，能保父母安康、护幼儿成长。虽被压弯了脊梁，但尝尽了世间万千惆怅。#抖音热歌 #热门 #情感音乐 #一首歌一个故事 #音乐推荐 #流浪兄弟@花姐狂浪
621,总有一个人，是你生命的过客，却成为记忆的常客。总有一段情，惊艳了时光，却温柔不了你的岁月，总有一个人，一直住在心底，却又告别在生活里#抖音热歌 #热门 #一首歌一个故事 #情感音乐 #祝福
622,枕头里藏着发霉的梦，梦里住着没有未来的人，你知道吗？猝不及防梦到你，我连醒都不敢#抖音热歌 #热门 #音乐推荐 #一首歌一个故事 #旧人梦 #情感音乐
623,“无惧人间笑面鬼，雄才终有出头日”欲想登顶成龙凤，怎怕途中磨难多，所以别怕吃苦，你应该怕不能出头#抖音热歌 #音乐推荐 #音乐分享 #老伙计
624,日落归山海，没有人不遗憾，只是有人不喊疼。但愿余生有人呵护你的冷暖，心疼你的不言，照顾你的每一天#抖音热歌 #音乐推荐 #情感音乐 #热门 #一首歌一个故事 #但愿 #音乐分享
625,三毛说：“人这一生，匆匆而过，若说真有所图，也不过是一份温暖和惦记。”韶华易逝，红颜易老，珍惜你身边爱你和你爱的人#热门 #音乐分享 #抖音热歌 #红颜易老 #一首歌一个故事
626,人一旦有了隔阂，就真的走不近了；这世上只有和好没有如初，旧账重提是因为它从未被原谅；热情这东西耗尽了，就只剩埋怨了.#抖音热歌 #音乐推荐 #情感音乐 #热门 #一首歌一个故事 #你的眼神
627,有些东西不需要答案，态度就是答案，终于明白。原来自己从未重要，只是偶尔被需要，记住永远不要高估你在别人心里的位置，其实你什么也不是。#热门 #抖音热歌 #一首歌一个故事 #歌曲两散 #音乐推荐
628,生活一地鸡毛的时候，慢慢把它捡起来，做成鸡毛掸子，然后鞭策生活；愿我们都能苦练72变，笑对81难！但愿你平安喜乐每一天#音乐推荐 #热门 #抖音热歌 #但愿 #一首歌一个故事
629,日落归山海，没有人不遗憾，只是有人不喊疼。其实真正想通的那一刻，你平静的自己都不信#热门 #情感 #最怕听懂一首歌 #抖音热歌 #天也不懂情
630,别再偷偷来看我，我过得不好你会难过，我过得好你会更难过。但愿，山水一程，你我各自安好，这辈子不亏不欠，下辈子不见不念……#热门 #情感 #音乐推荐 #一首歌一个故事 #但愿#爱的人一生平安
631,其实你不必那么冷淡 ，我从未想过纠缠 ，你敷衍的那么明显，我怎么可能看不见，你若有心，我怎么会无情…#情感音乐 #抖音热歌 #音乐推荐 #热门 #最怕听懂一首歌 #爱我你怕了吗
632,人真的好奇怪，总是被那么得不到的东西而困扰，要么就是因为无能为力的事情而难过#音乐分享 #情感 #情感音乐 #抖音热歌 #旧人梦 #一首歌一个故事
633,一眨眼就是一天，一回头就是一年，一转身就是一辈子，人生总有太多的来不及，珍惜每一个对你好的人，余生很贵请别浪费，但愿你所求都能如愿#热门 #最怕听懂一首歌 #情感 #音乐推荐 #但愿
634,喝了点酒，微醺的感觉刚刚好，恰到好处点到为止，没有清醒时的过分冷静，也没有烂醉时的过分放肆#音乐分享 #抖音热歌 #热门 #她会魔法吧 #一首歌一个故事 @白骨精
635,这个时代，不缺笑话，缺真话；这个时代，不缺感情，缺真情。愿以后的路有人待你如初，疼你入骨，深情不被辜负#情感 #音乐分享 #音乐推荐 #最怕听懂一首歌 #热门 #别让我一个人醉
636,其实你缺的不是一个伴侣，而是一个融洽的灵魂，他既懂你的言下之意，也心疼你的欲言又止，为你筛掉所有不值一提的悲伤。#热门 #情感 #音乐推荐 #歌曲愿你 #一首歌一个故事 #音乐分享
637,心里有你的人，总会主动找你，心里没你的人，总是自动忽略 你其实沉默就是答案，躲闪就是答案，不再主动就是答案。#音乐分享 #热门 #抖音热歌 #你是恩赐也是劫 #一首歌一个故事
638,喜欢你的人永远不会嫌你烦，心疼你的人永远不会嫌你懒，想念你的人永远都比你主动，在乎你的人永远都对你包容，感情的事别问为什么，心甘情愿就是最好的答案。#音乐推荐 #情感音乐 #我爱的人你别动 #热门 #一首歌一个故事
639,所得，所不得，皆不如心安理得，总会有不期而遇的温暖健康的活着，平静的活着，开心的笑着，适当的忙着，就很好，活着，过着，笑着，忙着，这就是生活本来的样子，但愿如你所愿的一切……#音乐推荐 #热门 #抖音热歌 #但愿#一首歌一个故事
640,思念到极致，手机一响我都以为是你。余生，你的名字一直都在我心里，只思念，不相见，各安好，都平安#音乐推荐 #音乐分享 #情感音乐 #热门 #平安团圆年 #想起
641,其实你不必那么冷淡，我从没想过要纠缠你，你敷衍的那么明显，我怎能不知，其实你我之间，只要我一转身便结束了#音乐推荐 #音乐分享 #热门 #情感音乐 #邂逅
642,不品世间酒，谁知其中的醉，不陷世间情 ，谁知其中的累，不怕歌有故事，就怕有故事的人会唱歌，人生百味自己体会#音乐推荐 #抖音热歌 #音乐分享 #情感音乐 #一千零一夜 #热门
643,听过最温柔的一句话：可能我看起来很爱玩，让你不太放心，但我心里有数，属于你的我一点也不会分给别人#抖音热歌 #音乐分享 #热门 #音乐推荐 #歌曲作酒 #一首歌一个故事 @白骨精
644,当什么都不期待的时候，反而一切都会变得那么的顺其自然了，好好生活，好运一定会与你撞个满怀#抖音热歌 #音乐分享 #音乐推荐 #热门 #一首歌一个故事 #我是真的真的用了心
645,分开的原因很简单，你改不了，我也忍不了！未来太漫长，我怕熬不住，仅此而已！我的底线就是，我说了这件事，我很介意，会让我很不开心，但你还继续去做那么没办法，我只能让你和这些破事一起消失！#抖音热歌 #音乐推荐 #热门 #半夜半醉 #一首歌一个故事
646,真正爱过的人，是做不了朋友的。一见面，就心软。一拥抱，就沦陷。多看一眼，都想重新再拥有，所以，要么一生，要么陌生#抖音热歌 #音乐推荐 #热门 #一首歌一个故事 #片片相思赋予谁
647,期待的东西，如果等久了还没有来，那就别再等了…任何关系，相逢的意义在于彼此照亮，而非相互折磨，否则的话一个人喝酒也很浪漫，一个人吹风也能清醒！#抖音热歌 #音乐推荐 #再听已是曲中人 #热门 #再无归期无归人 #一首歌一个故事
648,有些经历就像心里扎了一根刺，那个刺只会越陷越深，它会时不时提醒你，你错了，这个坎永远过不去，一辈子。#音乐分享 #抖音热歌 #音乐推荐 #热门 #一千零一夜
649,有人给你画大饼，为了哄你开心，有人给你买了饼，是只为了你开心，能感动人心得永远不是语言，而是行动，能治愈你的除了风景，还有动听的歌声#音乐分享 #抖音热歌 #热门 #音乐推荐 #山水云阳情 #刘艺雯
650,终有一天，你会在我的世界里下落不明，我会在你的世界里销声匿迹，当一切归于平静，我们不谈亏欠，感谢曾经#音乐推荐 #热门 #一首歌一个故事 #在他乡
651,有人想见我，我却百般推辞；你站在那什么都不用做，我却每天想见你；你说，是我不知道好歹还是你不知好歹…#情感音乐 #抖音热歌 #音乐推荐 #最后悔的是错过你 #热门
652,你说你怕耽搁我，怕没有以后，怕到最后还是会分开，你看你怕这怕那的，唯独不怕失去我#音乐分享 #抖音热歌 #情感音乐 #热门 #再无归期无归人 #一首歌一个故事
653,真正爱过的人，是做不了朋友的。一见面，就心软。一拥抱，就沦陷。多看一眼，都想重新再拥有，所以，要么一生，要么陌生……#音乐分享 #音乐推荐 #抖音热歌 #热门 #一首歌一个故事 #片片相思赋予谁
654,生活就是这样，有着不同的烦恼，你读不懂我的愁，我体会不了你的苦。#音乐推荐 #抖音热歌 #热门 #音乐分享 #不再年轻 #一首歌一个故事
655,别问，别闹，别试探，你不是例外。别想，别等，别期待，你不是偏爱。他慢慢敷衍，你悄悄离场，在卑微，在纠缠，就是你的错#音乐分享 #抖音热歌 #音乐推荐 #热门#再无归期无归人 #一首歌一个故事
656,其实我不傻，真心或敷衍，早已心如明镜，只是我愿意为了自己的喜欢装傻一程，三生有幸遇见你，即使悲凉也是情#抖音热歌 #音乐推荐 #音乐分享 #热门 #你是风儿我是沙 #一首歌一个故事
657,也许这世间最好的默契 ，是有人懂你的言外之意 ，心疼你的欲言又止 ，世间万物皆可有 唯有“懂”字都迷人#抖音热歌 #音乐推荐 #热门 #音乐分享 #歌曲作酒 #一首歌一个故事@白骨精
658,这一年，把我熬的没了样子，没了心情，只剩下满身疲惫和孤独，双眼充满了故事，只有自己明白，我已不是从前的我 #音乐分享 #抖音热歌 #音乐推荐 #热门 #转眼已过半生 #最怕听懂一首歌 @白骨精
659,刮风的时候，要学会一个人颤抖，而不是奢望谁的手！如果这世上真的有八号当铺，你想点当什么？#音乐推荐 #音乐分享 #抖音热歌 #热门 #歌曲八号当铺 #一首歌一个故事
660,曾经的那个自己，再也回不去了，从幼稚到成熟，从单纯到复杂，从直来直去到小心翼翼，从没心没肺到充满防备…#音乐分享 #抖音热歌 #音乐推荐 #热门 #落雪三千 #一首歌一个故事
661,总有那么一天，你会放下所有的执着与不舍，带着少许遗憾离开，因为那是认清，是放过，是释怀，是无能为力#抖音热歌 #音乐推荐 #热门 #再无归期无归人 #一首歌一个故事
662,懂你的人会用你需要的方式爱你，不懂你的人会用他自己的方式爱你。两个人的世界里，懂比爱更重要，伤心难过时候的一句“我懂你”胜过千言万语#音乐推荐 #热门 #抖音热歌 #有家就有乐事 #一首歌一个故事
663,如果这世上真的有八号当铺，我想用十年的寿命回到十年前，重新安排我的生活，也许我人生中就不会有这么多的遗憾了！#音乐推荐 #音乐分享 #抖音热歌 #热门 #歌曲八号当铺#一首歌一个故事
664,明明知道我很介意的事，你却一次又一次的挑战我的底线，弄的你不开心也显得我不大度，既然你不在乎，那就算了。#抖音热歌 #音乐推荐 #热门 #一首歌一个故事 #半夜半醉 #情感音乐
665,终于明白有些关系，除了再见，别无选择，万幸得以相识，又遗憾止于相识，藏在心底的那份爱，终是无法释怀……#音乐分享 #音乐推荐 #热门 #抖音热歌 #一首歌一个故事#再无归期无归人
666,你说你怕耽搁我，怕没有以后，怕到最后还是会分开，你看你怕这怕那的，唯独不怕失去我#音乐推荐 #热门 #音乐分享 #抖音热歌 #一首歌一个故事 #你是风儿我是沙
667,会有那么一天，你也会放下今天的执着和不舍，带着稍许的遗憾；是认清，是放过，是释怀，是无能为力#音乐推荐 #热门 #抖音热歌 #一首歌一个故事 #在他乡
668,我恢复了原来的样子，不悲不喜，时而快乐时而抑郁，时而清醒时而迷茫。虽然笑容少点但是我依旧善良......#音乐推荐 #抖音热歌 #热门 #音乐分享 #一首歌一个故事 #半夜半醉
669,只有频率相同的人，才能看到彼此内心深处不为人知的优雅，懂得你的言外之意，理解你的山河万里，尊重你的与众不同#抖音热歌 #热门 #音乐推荐 #想说爱你不容易
670,人生，一边拿起，一边放下，一路风雨，一路泪，一路心酸，一路歌，这一年奔跑的满身伤痕，漂泊在外的打工人。#音乐推荐 #抖音热歌 #热门 #音乐分享 #一首歌一个故事 #流浪兄弟#花姐
671,年龄到了，有些事就妥协了，这个世界没有人可以随心所欲，生活会逼着你选择答案，什么都可以明白，可是什么也改变不了…#音乐推荐 #抖音热歌 #热门 #一首歌一个故事 #化身为蝶 #音乐分享
672,有时候真的很想一个人，却只能永远埋在心里最深的那个角落里，夜里偶尔会把他拿出来回忆一下，那叫一个疼的感觉真难受#音乐推荐 #抖音热歌 #热门 #音乐分享 #一首歌一个故事 #1990 #罗大佑
673,
674,我的眼里为你下着雨，可我的心里却为你撑着伞。所有的无能为力的事情，我都在慢慢接受#热门 #抖音热歌 #音乐推荐 #一首歌一个故事 #风雨无阻 #半吨兄弟 #周华健
675,我想你了，这是心里话，有时候连我自己都羡慕；明明心是我的，心里面装的 却满满都是你...#音乐推荐 #抖音热歌 #热门 #一首歌一个故事 #相思
676,这辈子没有活成父母希望的样子 ，也没有活成自己喜欢的样子 ，更没有活成别人喜欢的样子 ，却活成了自己讨厌的样子 ，糟糕的从来不是生活 ，而是我#抖音热歌 #音乐推荐 #热门 #一首歌一个故事 #亦伊 #半夜半醉
677,每个人的背后，都有别人无法体会的心酸，没人能明白，它有多少悲伤和无奈。酸甜苦辣，百般滋味，也只有自己懂得#音乐推荐 #热门 #音乐分享 #抖音热歌 #这一路 #大欢 #一首歌一个故事
678,女人最美的样子，不是花枝招展 ，不是性感妖娆，而是面对琐碎的生活 ，依然有纯真的笑容，生活百般滋味，人生需要笑着面，做最真实的自己！#音乐分享 #音乐推荐 #热门 #一首歌一个故事 #不做神来不做仙
679,没有你的日子里，我会更加珍惜自己，没有我的岁月里，你要保重你自己，你问我何时归故里，我也轻声的问自己#大约在冬季 #音乐分享 #音乐推荐 #一首歌一个故事 #齐秦
680,记住，在意你的人永远舍不得离开你，珍惜你的人即使转身，也会默默的关注你！真心永远是无价，虚情永远是短暂的…#音乐推荐 #抖音热歌 #热门 #音乐分享 #我的未来和你不顺路#冷风冷雨冷我心
681,最冷不过冬天，最寒不过人心，圈子越来越小了，话也越来越少了。有的人称之为成熟，有的人称之为孤独，我称之为看透。#音乐推荐 #抖音热歌 #热门 #音乐分享 #一首歌一个故事 #红颜易老
682,我本一生傲骨，奈何世事无常。若非生活所迫，谁愿历经沧桑。区区碎银几两，可解世间万千惆怅，不求繁华落幕，但求家人安康。#音乐推荐 #抖音热歌 #音乐分享 #热门 #流浪兄弟#花姐#一首歌一个故事
683,一眼就喜欢的人，从来都不是颜值，而是似曾相识的感觉，你喜欢的，再看一眼还是会喜欢。#抖音热歌 #音乐推荐 #音乐分享 #一首歌一个故事 #她会魔法吧 #音乐治愈 #热门@白骨精
684,原来一个人真的可以难过到没有言语，没有情绪，在原地静静的发呆，忽然鼻子一酸，眼泪就掉了下来#情感 #音乐推荐 #抖音热歌 #容易受伤的女人 #热门
685,路还是那条路，但你我已历经沧桑，小时候拼命想逃离的地方，却是长大后，想回也回不去的地方，不是音乐有毒，而是回忆太浓，浓的无药可医#音乐推荐 #音乐分享 #热门 #一首歌一个故事 #流浪兄弟 #花姐 @白骨精
686,以前总搞不明白，两个互相喜欢的人，为什么不能一直走下去，现在知道了，原来是有个人一开始都在撒谎#抖音热歌 #热门 #音乐推荐 #一首歌一个故事 #忘情水
687,年关将至，两手空空，一年期盼着一年，却年年从未改变，唯一改变的是多了一张有皱纹的脸，心恍然不安，在成年人的世界里，过年仿佛也成了一种负担！#抖音热歌 #音乐分享 #一首歌一个故事 #流浪兄弟
688,一路走来，多少心酸多少无奈，有多少温存在心间？又有多少寒冷布满周身，一边热血沸腾，一边泪流满面，仍然咬牙切齿的前行。#抖音热歌 #热门 #音乐分享 #这一路童声版 #刘艺雯 #一首歌一个故事
689,总有一个人，一直住在心底，却消失在生活里，不见面，不联系，无论怎么努力，都擦不掉，抹不去#抖音热歌 #热门 #音乐分享 #最怕听懂一首歌 #很爱很爱你#刘若英
690,这一路跌跌撞撞我都不怕，我就怕走到了尽头，看不到我想要的。星光不语，时光不负，愿未来可期#抖音热歌 #热门 #一首歌一个故事 #音乐分享 #这一路 #大欢
691,无论我们最后生疏成什么样子 曾经对你的好都是真的 就算终有一散 也别辜负相遇 希望你不后悔认识我 也是真的快乐过 如果能回到以前 我会选择不认识你 不是我后悔 是我不能面对现在的结局…#抖音热歌 #热门 #音乐分享 #一首歌一个故事
692,音乐响起的那一刻，所有的爱与恨都是云烟，周边的是非都是尘土。只有那张敏、周星驰和一群乞丐曲所畏惧的乞丐#抖音热歌 #热门 #音乐分享 #长路漫漫伴你闯 #林子祥
693,我希望今年的脑子，会比去年的好用，没事早点睡，有时间多挣钱。赚钱就好，其他都俗，不说从前，别想也许，别谈如果。#热门 #抖音热歌 #音乐分享 #你的柔情我yong yun#陈琳
694,有时候真话太尖锐，有人只好说着谎言。所以，有时看到的不一定就是真的，听到的也不一定是对的。人生没有假如，只有回不去的时光，忘不掉的故人#热门 #抖音热歌 #音乐分享 #假如
695,有些心动，从一开始便覆水难收，有人一眼便是永远。说不上你哪里好，就是谁也代替不了，应该是#她会魔法吧 #音乐分享 #热门 #抖音热歌 #一首歌一个故事 #DJ小鱼儿@白骨精
696,最难熬的日子总会过去。那种闭着眼都流泪的感觉。这辈子都不想再体会了，如今我已不在奢求什么陪伴，因为下雨天，连影子都会离开。#抖音热歌 #热门 #一首歌一个故事 #跟往事干杯 #姜育恒
697,语言到不了的地方，文字可以，情感到不了的地方，音乐可以#音乐分享 #抖音热歌 #热门 #一首歌一个故事 #回到家乡
698,本是青灯不归客，却因浊酒恋红尘；星空不问赶路人，岁月不负有心人！#抖音热歌 #热门 #一首歌一个故事 #音乐分享 #李宗盛 #凡人歌
699,我们最终逃不过现实，回不到彼此心里的位置，与你的故事若回到当时，希望从来都不曾开始#热门 #抖音热歌 #音乐分享 #一首歌一个故事 #无情的情书 #张杰
700,每一个人都有伤心的故事，都有自己的难言之隐，总在夜深人静时，才敢卸下你所有的伪装，慢慢煎熬，慢慢自愈#音乐分享 #抖音热歌 #热门 #一首歌一个故事 #一言难尽#白骨精
701,人生就是一场舍得与舍不得的旅程，我们如此眷恋，爱而不得锲而不舍，在得与失之间，我们必须学会舍得..#抖音热歌 #热门 #音乐分享 #李健 #水中花
702,别再偷偷来看我，我过得不好，你会难过，我的过好，你会更难过#抖音热歌 #热门 #音乐分享 #我最深爱的 #张惠妹
703,爱上一个不爱你的，就想抱着一盆仙人掌，抱得越紧，就会越痛#热门 #抖音热歌 #音乐分享 #一首歌一个故事 #爱情的故事 #方季惟 #林子
704,你相信吗 ？总有一个人的出现 ，会打破你的底线和原则 ，你会放下所有的防备高傲和尊严 ，最后他成为你的例外 ，也成为你的劫#音乐分享 #热门 #抖音热歌 #邓丽君 #我只在乎你
705,总有那么一个人，在你的心里，在你的梦里，在你的脑海里，唯独不在你的身边，他是你想见，却不能见的人。#抖音热歌 #热门 #音乐分享 #夜阑情歌 #一首歌一个故事 #白嘉峻
706,有些人，渐渐就不联系了，不是因为淡了远了，而是因为，沒有合适的身份陪伴，没有合适的理由联络。没有合适的机会见面，只能放在心里，偶尔回忆，偶尔想念！#热门 #抖音热歌 #音乐分享 #大海 #一首歌一个故事
707,总有一个人出现了，会打破你的原则和底线，你会放下所有的防备高傲和尊严，蕞后她成了你的例外，也成了你的劫…#抖音热歌 #热门 #音乐分享 #dj小鱼儿 #她会魔法吧
708,在繁华里自律，在落魄里自励，在尘埃里自尊，在伤痛里自愈，其实一直陪着你的，都是那个了不起的自己！#抖音热歌 #热门 #你好2022 #音乐分享 #一首歌一个故事 #落雪三千#洛瑶
709,别人对我万般好，我都未曾动心，唯独是你，只要咧嘴一笑，我心里便开满了花，或许你只要站在那里，我都爱不释手#热门 #抖音热歌 #新年要出色
710,抖音比微信好，微信上都是熟人，看似有关系，其实没啥关系，抖音里都是陌生人，看似没关系，却一直默默关注你#热门 #抖音热歌 #你好2022 #忘情水
711,很多我们以为这一辈子都不会忘掉的事情，就在我们念念不忘的日子里，被我们遗忘了。#热门 #抖音热歌 #时间煮雨 #郁可唯
712,不要嫉妒别人的爱情，不要羡慕他人生活。如果爱，能在一起就别分开，有些东西给不了后来人，有些东西后来人给不了#热门 #抖音热歌 #你好2022 #一首歌一个故事 #祝福
713,你不快乐的原因可能就是：执着着不该执着的执着，纠结不该纠结的纠结。兜兜转转之后，你会发现，凡事心存幻想的都是没有可能的人和事，不如饶恕过往，就当#我被青春撞了一下腰 #抖音热歌 #热门 #你好2022 #一首歌一个故事
714,直到今天，你依然是我拒绝别人的理由，其实我没有在等你，我只是没有办法喜欢上别人，也忘不掉我们之间的点点滴滴。你短暂的出现，让我幸好遇见你，又遗憾只是遇见你。我不敢再祈祷下辈子遇见你，我怕，这一世的遇见，就是上辈子的日日祈祷的结果…#抖音热歌 #热门 #你好2022 #这一生关于你的风景
715,人总要咽下一些委屈，然后一字不提，擦干眼泪往前走，没有人能像白纸一样没有故事，成长的代价就是要失去原来的样子#抖音热歌 #热门 #你好2022 #蓝眼泪 #一首歌一个故事
716,时间不会让我忘了你，只会让我习惯没有你，我对你仍有爱意，但我却无能为力，有些人终究可望，可念，不可及。#热门 #抖音热歌 #你好2022 #知否知否 #郁可唯
717,人一旦有了隔阂就真的走不近了，这世上只有和好没有如初，旧账重提是因为它从未被原谅，热情这东西耗尽了就只剩下埋怨了#抖音热歌 #你好2022 #音乐分享 #情感音乐
718,新年的第一天，新的梦想，新的希望，带着微笑，拥抱阳光，往事不回头，未来不将就，希望2022年百毒不侵，活的认真，笑的放肆，唱的尽兴#沧海一声笑 #黄霑 #你好2022 #抖音热歌 #热门
719,人生除了生死，其他都是擦伤，睡前原谅一切，醒来不谈过往！元旦已至，新年伊始，新的征程、新的开始，忘掉那些不再属于你的事和人#热门 #音乐分享 #你好2022 #一首歌一个故事 #别知己#音乐分享
720,我们争吵的时候，我突然停住了，感觉自己像个乞丐一样，不过想让你多爱我一点，可你却想争个输赢，感觉好没意思。#抖音热歌 #一起倒数的浪漫 #热门 #音乐分享 #滚滚红尘 #陈淑桦 #罗大佑
721,普通的星期五，结束这普通的2021。愿来年、愿你我，不再畏惧生活，不再困惑感情，愿平安、愿喜乐、愿真心的笑、愿开心的唱#沧海一声笑 #抖音热歌 #音乐分享 #跨过2021
722,可以偷偷难过，可以情绪崩溃，但不要打扰别人，熬不住了，就自己喝点，都是成年人，所有情绪都是静音模式。#热门 #情感音乐 #抖音热歌 #原来你也在这里#跨过2021
723,岁岁年年长相似，人来人往不由己。在这路遥马急的人间，你在我心里何止好几年#热门 #跨过2021 #抖音热歌 #情感音乐 #烟花易冷
724,你义无反顾撞过的南墙，不过是黄梁一梦的空欢喜一场，你想停留，别人却不肯收留#热门 #音乐分享 #抖音热歌 #归来是故乡
725,总有一些伤痛，可以安慰别人，却安慰不了自己；总有一些纠结，不是跟事过不去，而是跟心过不去。#抖音热歌 #音乐分享 #热门 #一首歌一个故事 #岩贵 #姜育恒#多年以后
726,人到中年，要顺从人生的不完美，把日子过成安稳，活的沉稳低调，不张扬不比较不炫耀，只将美好收藏，将深情妥帖安放…#热门 #抖音热歌 #音乐分享 #一首歌一个故事
727,爱你曾是我的全部，到头来满盘皆输…就到此为止吧，一别两宽，余生各自欢喜…#热门 #抖音热歌 #情感音乐 #一首歌一个故事 #四川雨泽 #作茧自缚
728,有时候就很难过，很难受，说不出那个感觉，就感觉很累很烦，感觉什么的没意思，有时候又感觉自己想通了，可该有的难过一点没少。#抖音热歌 #热门 #情感音乐 #一首歌一个故事 #等一分钟
729,最害怕的大概就是，自己最在乎的人，突然某一天说话变了语气，那种感觉，就好像全世界都不要你了一样.#抖音热歌 #热门 #情感音乐 #一首歌一个故事 #恰似你的温柔
730,有时候必须闭上嘴巴，放下面子，承认是自己错了，这不是认输，这是在成长#抖音热歌 #情感音乐 #热门 #一首歌一个故事
731,知不知道我把你看得好重，知不知道你把我伤得好痛。遗憾的是，你在我最爱你的时候放弃了我，而我也没有在你最爱我的时候很爱你#抖音热歌 #一首歌一个故事 #情感音乐 #热门 爱到最后都是痛
732,有人说“你没有以前潇洒了，眼中凌乱了沧桑”，我笑了笑，忽然一下红了眼框，成长两个字，连偏旁都没有。#抖音热歌 #一首歌一个故事 #情感音乐
733,所谓成熟，就是习惯任何人的忽冷忽热，看淡任何人的渐行渐远，用绝对清醒的理智，压制不该有的情绪#抖音热歌 #一首歌一个故事 #情感音乐 #今生缘
734,最害怕的大概就是，自己最在乎的人，突然某一天说话变了语气，那种感觉，就好像全世界都不要你了一样.#热门 #抖音热歌 #音乐分享 #一首歌一个故事 #都怪我 #热门 #刘德华
735,深不过真情，凉不过人心，美不过回忆，伤不过离别，人可以多情，但别自作多情，捂不热的心就别捂了，得不到人就别要了。#热门 #抖音热歌 #音乐分享 #一首歌一个故事 #落雪三千
736,不要轻易去依赖一个人，它会成为你的习惯，当分别来临，你失去的不是某个人，而是你的精神支柱.#音乐分享 #热门 #抖音热歌 #一首歌一个故事 #月满西楼
737,直到今天，你依然是我拒绝别人的理由，其实我没有在等你，只是没有办法，喜欢另外一个人而已…#热门 #抖音热歌 #一首歌一个故事 #音乐分享 #这一生关于你的风景
738,谁能一如既往不改初见模样，有些东西不是原路返回就能找回来的，或许刻骨铭心的故事都会有一个悲伤的结局#热门 #抖音热歌 #音乐分享 #一首歌一个故事 #走了这么久你变了没有
739,一个干净的人，并非不食人间烟火，不染世俗。而是灵魂深处有净土，思想背后有初心。坚守良知和道义，有所为有所不为。#音乐分享 #抖音热歌 #一首歌一个故事 #热门 #梅花三弄
740,爱和敷衍是两回事，仪式感跟穷没关系，礼物和爱都不要伸手去要，爱你的人总怕给你的不够多，不爱的生怕你要的太多#热门 #音乐分享 #抖音热歌 #一首歌一个故事 #水中花 #林子
741,恕我直言，喜欢老歌的基本都是念旧的人，念旧的人基本都有一颗善良的心，虽然你很善良，但请你节约着用#热门 #抖音热歌 #音乐分享 #一首歌一个故事 #海浪
742,不管这一年好与坏，都即将结束，在无法预知的未来，我们平安喜乐、家人健康、友情长存就好#抖音热歌 #热门 #一首歌一个故事 #小虎队 #叫你一声mylove
743,亲爱的，今晚就是平安夜了，祝我爱的人和爱我的人，健健康康，平平安安，过好每一天，浪漫平安夜，送给最珍贵的你#热门 #抖音热歌 #音乐分享 #一首歌一个故事
744,来日不一定方長，再见不一定能再见，没有永远的永远，所以当下即是最好，这短暂的遇见够我回忆一生#抖音热歌 #音乐分享 #一首歌一个故事 #恰似你的温柔 #蔡琴
745,别为了昨日的脸红还在滋生仇恨的种子，别为了那不可能的梦还在长眠不醒，未来你我皆未知，站在岁末，翘望来年，明天会更好，祝你也是我#抖音热歌 #音乐分享 #伤感音乐 #一首歌一个故事 #明天会更好手势舞
746,有一种情，不求朝暮相见，只想在灵魂深处相依偎，能多久就多久！我将于茫茫人海中，访我唯一灵魂之伴侣，得之我幸，不得我命。#音乐分享 #抖音热歌 #伤感音乐 #一首歌一个故事 #多余的温柔
747,时间在变，人也在变，有些事不管你如何努力，终究是回不去了，最遥远的距离，不是爱也不是恨，而是熟悉的人渐渐陌生了。说那句“黑夜有我的人”，现在还在你身边吗……#抖音热歌 #音乐分享 #一首歌一个故事 #我是不是你最爱的人
748,从此以后，你的世界我退出， 我对你的感情到此为止！ 爱你的心不会再有，放下你是我唯一的选择， 希望你如愿以偿 #抖音热歌 #音乐分享 #一首歌一个故事 #水中花
749,错的人迟早会走散，对的迟早会相逢，你总是担心会失去谁，可谁又会担心失去你。#音乐分享 #抖音热歌 #一首歌一个故事 #泪桥 #伍佰
750,在无知的年龄，做了选择，在懂的年龄，一直在承担后果。任何一次选择都有它对应的筹码，愿赌服输是一个成年人该有的品质…#音乐分享 #抖音热歌 #再看一眼2021 #一首歌一个故事
751,我又被情绪左右了，又缓不过来了，又变的越来越不想说话，烦躁焦虑失眠，拿起手机不知道干嘛，感觉那段难熬的日子又回来了#抖音热歌 #音乐分享 #一首歌一个故事 #再看一眼2021 #遇见你是我的缘
752,当失望攒够，当一切觉得没希望了，当你的冷漠让我越来越心疼了，我想，也就放下你了，不是不爱，是觉得我对你的爱过于卑微，作践了自己，也为难了你#抖音热歌 #音乐分享 #一首歌一个故事 #刺心
753,当在深夜醒来，发现自己因为想念某人而胸口发疼，你们…管它叫做什么？#抖音热歌 #音乐分享 #李清照 #一首歌一个故事 #月满西楼 #经典老歌
754,深不过真情，凉不过人心，美不过回忆，伤不过离别，人可以多情，但别自作多情，捂不热的心就别捂了，得不到人就别要了#音乐分享 #抖音热歌 #经典老歌 #一首歌一个故事 #相思 #毛阿敏
755,总有这样一个人，他陪了你一程，却陪不了你一生，他是别人的风景，却湿了你的眼睛，他是别人的枕边人，却让你思念一生……#抖音热歌 #音乐分享 #一首歌一个故事 #月满西楼#李清照 #经典老歌
756,和你刚认识的时候真好，发不完的消息，打不完的电话，聊到凌晨也不会觉得困，以前我跟别人炫耀你，我说你的名字我都带着骄傲，蕞后你却成了我闭口不谈的某人#抖音热歌 #音乐分享 #一首歌一个故事 #你会爱我到什么时候
757,再重要的人让你失望多了，也就变得没那么重要了，失望到一定程度反而无所谓了，因为明白了真心换不来真心。#音乐分享 #抖音热歌 #一首歌一个故事
758,没有一辈子的情，却有一辈子的思念，没有一辈子的相遇，却有一辈子的惦记#音乐分享 #抖音热歌 #一首歌一个故事 #月满西楼
759,谁的强颜欢笑背后不是隐藏着一颗千疮百孔的心？谁的风轻云淡背后，不都是一地狼藉一片沧桑？掩藏着多少无奈和痛苦，酸咸苦辣，人到中年需要在沉默时光里听一听心灵的对白…#抖音热歌 #音乐分享 #一首歌一个故事 #多年以后 #岩贵 #姜育恒
760,先这样吧，我们都缓缓，你想想你的问题，我想想我的问题，如果还有缘分，或许还能在一起，如果缘尽了，那就各自安好#抖音热歌 #音乐分享 #一首歌一个故事 #走着走着就散了
761,在任何关系里，理解并不常见，误会却是人间常态，所以比起被很多人左右情绪的生活，我更喜欢无人问津的日子#抖音热歌 #音乐分享 #一首歌一个故事 #遇见你是我的缘
762,有的时候不得不承认，人在经历了一些事情后，就悄悄的换了一种性格，告别了从前的自己，再也找不回从前的自己了#抖音热歌 #音乐分享 #一首歌一个故事 #心要让你听见
763,那一刻你心里有场海啸，可你静静站着，没有让任何人知道。不是你喜欢的人不喜欢你，而是你非要喜欢不喜欢你的人.#音乐分享 #抖音热歌 #一首歌一个故事 #海浪 #李荣浩
764,直到今天，你依然是我拒绝别人的理由，其实我没有在等你，只是没有办法，喜欢另外一个人而已…#抖音热歌 #音乐分享 #一首歌一个故事 #情人之间的情人 #邰正宵
765,“一百次的好，一次不好，别人就会抹杀你所有的付出，100-1=0 这就是人性，因为1的差 否定了99的好…”#抖音热歌 #音乐分享 #一首歌一个故事
766,不经历九九八十二难，怎知道人生从无圆满！世间安得两全法，不负如来不负卿！#抖音热歌 #音乐分享 #一首歌一个故事
767,终于明白了，不爱你的人，是不会顾及你的感受的，就算你再怎么伤心，在怎么难过，他只会照顾自己的感受。反而还会觉得你幼稚，觉得你不够成熟#抖音热歌 #音乐分享 #一首歌一个故事
768,比心狠，绝情，我比不过你，你想赢那我就叫你赢好了。赢了我不算什么，希望你的人生以后都能赢#抖音热歌 #音乐分享 #一首歌一个故事 #算了吧
769,命里有时终须有，命里无时莫强求，人生无论你怎么精心策划，都抵不过一场命运的安排，万般皆是命，半点不由人。#抖音热歌 #音乐分享 #一首歌一个故事 #命运和我开了个玩笑
770,我恢复了原来的样子，撤回了依赖，收回了温柔，放下了占有欲，你再也不是我的心上人，就算遗憾，也好过泪流满面……#抖音热歌 #音乐分享 #我要找到你
771,眼里没有你的人，何必放在心上，心里没有你的人，又何必去在意，有些人你再喜欢也不属于你，有些事你再怎么努力也无法改变.#抖音热歌 #音乐分享 #一首歌一个故事 留什么给你
772,想开，看开，放开，不为难自己，别盲目较劲，很多事情你尽力了就够了，别自我折磨，好好爱自己，这世界没多少人心疼你#抖音热歌 #音乐分享 #一首歌一个故事 #人间
773,你可以忘记一座城市的风景，却忘不了那座城的某个人。有一天你再经过这座城市，一切都物是人非，但是某人永远在你心里…#抖音热歌 #音乐分享 #一首歌一个故事 #爱的可能 #林忆莲
774,当你什么都经历了才会发现，人生无论怎么精心策划，都抵不过一场命运的安排。#抖音热歌 #音乐分享 #一首歌一个故事 #梦驼铃
775,也许一辈子不再联系，心却会记一辈子，日后或许不再有心动，却任然有心痛，心底永远会留下一个遥远而清晰的名字#抖音热歌 #音乐分享 #一首歌一个故事 #这一生关于你的风景
776,往后余生，我只对两种人好：一种是对我好的人，一种是懂我好的人，一个人的温暖毕竟是有限的，一点都不能浪费… #抖音热歌 #音乐分享 #一首歌一个故事 #多年以后#姜育恒
777,多深的债啊，十几亿人中都能找到对方；多薄的情啊，两个人的名字，始终不能一起写在巴掌大的结婚证上…#音乐分享 #抖音热歌 #一首歌一个故事 #想起
778,终有一天你会和自己和解，咽下所有脾气，磨平一身棱角，笑着面对曾经讨厌的人和事，变成一个不动声色的人#音乐分享 #抖音热歌 #一首歌一个故事 #多年以后 #岩贵 #姜育恒
779,不是一路人，一起走多远都没用，我一直都是个遇到冷漠就想走的人，可我真的为你停留了好久.#抖音热歌 #音乐分享 #一首歌一个故事 #吹眼睛
780,我反感的从来不是你不回信息，而是你敷衍回复所带来的距离感，一张爱我的嘴，还有千万个不爱我的细节#抖音热歌 #音乐分享 #一首歌一个故事 #水中花 #林子
781,没有人能像一张白纸一样没有经历故事，成长的代价就是失去了原来的样子。换个时间我们相遇，结局可能不一样#抖音热歌 #音乐分享 #一首歌一个故事 #大鱼
782,有没有那么一个人，当初让你发了疯的想，如今你却拼了命的忘。相遇无措，相识也无错，错的是你那颗支离破碎的心#抖音热歌 #音乐分享 #一首歌一个故事 #留什么给你
783,过度坚硬太伤人伤己，过度柔软又保护不了自己，要有多难，才能一边棱角分明，一边温情四溢。#抖音热歌 #音乐分享 #一首歌一个故事 #会哭的人不一定流泪
784,成长的代价就是，失去原来的样子；你不会什么都拥有，也不会什么都没有。#抖音热歌 #音乐分享 #一首歌一个故事 #你的样子
785,初来不知人间苦，回头已是苦中人！人生就是这样，无论怎么选择都逃不过宿命安排，同是红尘悲伤客，莫笑谁是可怜人 ……#抖音热歌 #音乐分享 #一首歌一个故事 #魏佳艺
786,季节变换，好多人忘了好多人，好多人代替好多人，好多人有好多遗憾，好多人是好多人的遗憾……#抖音热歌 #音乐分享 #一首歌一个故事 #燕分飞 #刀郎
787,林徽因说：“人一旦有了隔阂，就真的走不近了，这世上只有和好没有如初，旧账重提是因为它从未被原谅，热情这东西耗尽了，就只剩埋怨了”。#抖音热歌 #音乐分享 #一首歌一个故事 #延子
788,曾以为只要真心爱着，就能融入你的心里，怪我想的太过于天真，原来我只是你其中一个过客，从你的世界路过，所以人这一辈子千万别爱错人，只会给你带来无尽的折磨和痛苦#抖音热歌 #音乐分享 #原来你只是一个过客 #云南三怪
789,岁月中不经意的交错，成就了红尘中多少悲欢离合。不是老歌好听，而是年龄大了，感觉每首老歌都在写自己#抖音热歌 #音乐分享 #一首歌一个故事 #滚滚红尘 #张碧晨
790,直觉这个东西很准，只要你感觉到怠慢与敷衍，不关心与无所谓，不用怀疑，它一定是真的。#抖音热歌 #音乐分享 #一首歌一个故事 #会哭的人不一定流泪
791,世上最心痛的感觉不是失恋，而是把心交出来的时候，却遭到欺骗。爱上一个不爱你的人，就象给自己挖了个坑，然后跳进去，挖坑的是自己，跳进去是自己，最后爬不出来的还是自己#抖音热歌 #音乐分享 #张杰 #无情的情书
792,何必把回忆，弄的比经历还长，时间终会给我们答案，细水长流的日子里，不说永远只说珍惜。#抖音热歌 #音乐分享 #白小白 #我爱你不问归期
793,有些人，再怎么遗憾，但终归是错过了，也许每个人心里都深埋着一个不属于自己的人吧 。温暖了你一段时光，却让你用一生来偿还#音乐分享 #抖音热歌 #一首歌一个故事 #你 #屠洪刚
794,结束了一天的疲惫，躺在床上的感觉真好，安静的玩手机，很累但不想睡，熬的不是夜，是短暂的自由#抖音热歌 #音乐分享 #一首歌一个故事 #最远的你是我最近的爱
795,有一种遇见，叫命中注定，有一种誓言，叫地久天长，有一种陪伴，叫不离不弃，有一种牵手，叫白头偕老，有一种幸福，叫有你真好#抖音热歌 #音乐分享 #你一定要幸福 #一首歌一个故事
796,会过去的，这句话我撑了一年又一年，会好的，这句话，我盼了一年又一年。谢谢你，曾出现我的生活里，失去你和忘记你我苦苦熬了几轮春秋#抖音热歌 #音乐分享 #刀郎 #谢谢你
797,“你要是在我身边就好了 ”这句话并不是在怪你 ，而是现在这瞬间我比平时还要更想你！#音乐分享 #抖音热歌 #一首歌一个故事 #没有我不会怎么样#何深彰
798,我从来不相信，一个人一辈子只会爱一个人，但我肯定，总有那么一段岁月，你会碰见一个，想用一辈子，去爱的一个人……#抖音热歌 #音乐分享 #一首歌一个故事 #林子 #王菲 #人间
799,以前心心念念的东西，现在不想要了，以前较真的东西，现在不在乎了，一旦过了那股劲儿，很多事情都没有想象中那么重要了#抖音热歌 #音乐分享 #一首歌一个故事 #影子说
800,你没发现我变了很多吗，我不再跟你生气了，和你的话题也越来越少了，我对你也不在有任何期盼了，我们快要走散了#音乐分享 #抖音热歌 #一首歌一个故事 #亲爱的我们究竟怎么了
801,其实..我们都知道：爱会消失、承诺会失效、人会走散；只不过..我们更愿意相信，自己是个例外是偏爱，却忽略了再好的感情，好的也只是那一段#抖音热歌 #音乐分享 #一首歌一个故事 #吹眼睛 #庞龙
802,一个人再好，他不心疼你，什么用都没有，真正的幸福，是发自内心的关心和体贴，是生活中的点点滴滴，是实实在在的惦记#抖音热歌 #音乐分享 #一首歌一个故事 #你到底有没有爱过我
803,“就这一年，我突然爱上了钱，往年里，我都在爱人”说这句话不是我变物质了，而是除了钱，没有谁我可以相信了...#音乐分享 #抖音热歌 #一首歌一个故事 #都会哭
804,情绪这个东西真心不好控制，开心的时候空气都是甜的，而心烦的时候连呼吸都困难得不得了，从前不说话是不开心在生气，而现在不说话是在调整情绪。#抖音热歌 #音乐分享 #一首歌一个故事 #人间情多
805,时间在变，人也在变，有些事不管你如何努力，终究是回不去了，最遥远的距离，不是爱也不是恨而是熟悉的人渐渐陌生。#抖音热歌 #音乐分享 #2021最后一个月 #留什么给你
806,都说念念不忘必有回响 ，可没有人告诉我 ，这回响要等多少天、多少年 ，等来的又是什么#音乐分享 #2021最后一个月 #抖音热歌 #一首歌一个故事 #最是无情无人等 #亦伊
807,垂手可得的东西，没人会珍惜，恰到好处的冷漠，反而让人心生欢喜，人大多都这样，即犯贱又可怜#抖音热歌 #2021最后一个月 #一首歌一个故事 #人间情多
808,时间过得真快，2021年只剩下最后一个月了，这一年，遇见，获得，失去，成长，释怀，完结。我与旧事归于尽，来年依旧迎花开#2021最后一个月 #抖音热歌 #音乐分享 #一首歌一个故事 #千千万万
809,请不要担心我现在的狼狈，我已知晓善变的人心，明白前行的泥泞，会有涵养的温柔，撑起我想要的风骨……#抖音热歌 #音乐分享 #一首歌一个故事 #空空
810,一份迟来的爱，一份晚到的情，明知没有结果，却忍不住思念，明知万分煎熬，却又舍不得放手#抖音热歌 #音乐分享 #迟来的爱#一首歌一个故事
811,看似沒心没肺的人其实挺容易伤感，都压在很深的地方，总有一些东西，要用消失来证明它的珍贵#抖音热歌 #音乐分享 #人间情多 #李殊
812,有些东西后来人给不了，有些东西给不了后来人。听着张同学的bgm 好上头音乐，忘记那些不该还记得着的，前方路上  加油！#抖音热歌 #张同学 #张同学的bgm好上头
813,会有那么一天，你也会放下今天的执着，带着遗憾，是认清，是放下，是释怀，是无能为力，慢慢与念妥协，周全日子#音乐分享 #抖音热歌 #一首歌一个故事 #全世界最伤心的人 #陈少华
814,总有人站在不同的角度来指责你，但没人理解你一路走到现在有多难，也总会有人说你变了，但没有人问你经历了什么…#音乐分享 #抖音热歌 #一首歌一个故事 #风中的柳絮 #沈阳刀郎
815,凡事让你变好的事情，过程都不会太舒服。时间的事就是这样，越想两全，越是两个都不全#抖音热歌 #音乐分享 #一首歌一个故事 #吹眼睛 #庞龙
816,有没有一段情，让你念念不忘，却又努力掩藏？有没有一个名字让你嘴角上翘，再眼泪下掉？有没有一个人让你日思夜拼命想遗忘？总有一个人明知已错过从此却已丢了该有的快乐…#音乐分享 #抖音热歌 #一首歌一个故事 #人间情多 #李殊
817,每个人的心中都藏着一个不能说出来的某人，不管季节轮换几回，提起那个名字，依然心跳加速。时间过滤了很多不必要的，但，某人，你一直在#音乐分享 #抖音热歌 #一首歌一个故事 #想某人 #白嘉峻 #coco
818,谢谢你曾走进我的心里，以后见与不见依然想念，联不联系都在心底，今生遇见你从没后悔过，但愿#时间你慢些走 ，别让岁月冲淡你的模样#抖音热歌 #音乐分享 #一首歌一个故事
819,突然一瞬间，感觉很崩溃，窒息，胸闷，丧到了极致，无力感，孤独感，死死的压在我的心头，觉得什么都没意思了...#抖音热歌 #音乐分享 #一首歌一个故事 #不仅仅是喜欢
820,除了血缘关系，任何一段关系都可以说断就断，不要把自己搞的太累，也不要放在心上，需要费劲维持的关系，都是可有可无的关系。人生不一定要赢，但不要输给过去的错误和愚蠢，也不要输给从前的自己#抖音热歌 #音乐分享 #花姐 #王杰#抖音热歌 #一首歌一个故事
821,原谅我以前打扰你了，以后不会了，就当风没吹过，你没来过，我没爱过，关于喜欢你这件事，就当做是我闹的一个笑话吧！#抖音热歌 #音乐分享 #我不再打扰你了 #一首歌一个故事
822,昨天越来越多，明天越来越少，这就是人生，你总觉得一年比一年快，是因为对你来说，时间一年比一年重要了#抖音热歌 #音乐分享 #最是无情无人等#亦伊
823,你心里装着一个连见一面都难的人，却还幻想着两个人的未来。有的人只能放进梦里，有些思念就像十除以三…#音乐分享 #抖音热歌 #一首歌一个故事 #想某人
824,季节变换，好多人忘了好多人；好多人代替好多人，好多人有好多遗憾；好多人是好多人的遗憾……#抖音热歌 #音乐分享 #一首歌一个故事 #菩提偈
825,某人，我想你了，我不想熬夜了，我想见你，我想让你抱抱我，躺你的怀里闻你身上的味道，然后告诉你，我真的很想你…#抖音热歌 #音乐推荐 #音乐分享 #一首歌一个故事 #情人之间的情人 #邰正宵
826,感情里，最怕的就是：我们共有过去，却各有未来。相遇不易，别着急再见，别果断分离，你一时的倔强可能就一生再无交集#抖音热歌 #音乐推荐 #第51次原谅
827,有时候情绪突然爆发，手捂着胸口，心的疼痛一阵一阵的，不敢用力呼吸，现在终于知道了，难过到极致的情绪，心是会疼的#音乐分享 #抖音热歌 #音乐推荐 #让我欢喜让我忧
828,@每个人心里都住着一个人，不是不爱，而是深爱，不是不想联系，而是不能，不是不想忘，而是想忘都忘不了#抖音热歌 #音乐分享 #一首歌一个故事 #下辈子不一定遇见你
829,在这个薄情的世界，你想拿深情留着什么呢？没有什么本来就应该属于你的，所以，失去时稍微难过一下就好，遗憾是常态。#抖音热歌 #音乐推荐 #音乐分享 #一首歌一个故事 #断桥残雪
830,直至今日见到与你三分相似的背影 我的心都颤抖不已 好遗憾 忽然就冬天了...#音乐分享 #抖音热歌 #音乐推荐 #一首歌一个故事 #你要如何我们就如何
831,靠时间忘记的人是经不起见面的，都说再见是为了更好的重逢，却忘了有时一别，便是一生！#音乐分享 #抖音热歌 #一首歌一个故事 #问情
832,别人怎么对你，你就用相同的态度去回应就行了，生而为人，谁都是第一次，别太委屈自己#抖音热歌 #音乐推荐 #音乐分享 #郁可唯 #稳稳的幸福 #陈奕迅
833,一见钟情只不过是见色起意，日久生情也许是权衡利弊。爱情这东西，始于颜值，陷于才华，忠于人品，迷于肉体。最后，折于物质，败于现实！#抖音热歌 #音乐分享 #音乐推荐 #女儿情
834,时光再慢些吧，我怕看不清你的模样，我怕记不清和你的点点滴滴，我怕剩你一人，更怕剩我一人……#抖音热歌 #音乐分享 #音乐推荐 #时间你慢些走
835,所有无能为力的事情，我都在慢慢接受，我好像不想这样，又好像只能这样#抖音热歌 #音乐推荐 #别哭我最爱的人
836,人生最大的遗憾，不是你错过了最好的人，而是你错过了那个，想要对你好的人，后来才明白，有些人只适合相遇，却不能拥有。#情感音乐 #抖音热歌 #音乐推荐 #痴人 #郑奕辰
837,千万别撩重感情的女人，成熟她是真的，可爱是真的 ，痴情是真的，无情也是真的，愿意付出是真的，随时收回也是真的#情感音乐 #音乐分享 #一首歌一个故事 #让我欢喜让我忧
838,一段感情走到最后，往往是爱得最深的那个先退出，不是不爱了，而是越爱越痛苦，除了逼自己放下，真的别无选择#音乐分享 #音乐推荐 #情感音乐 #一首歌一个故事 #时间你慢些走
839,我害怕我们在暮年重逢的时候，你白发苍苍牵了别人的手，而我呢，颤颤巍巍的搀着别人的胳膊，我眼里还有你年轻时微笑，这一笑，就是一生……#情感音乐 #音乐分享 #一首歌一个故事 #梅花三弄 #潮音
840,直到今天，你依然是我拒绝别人的理由，其实我没有在等你，只是没有办法，喜欢另外一个人而已..#情感音乐 #音乐分享 #一首歌一个故事 #这一生关于你的风景 #枯木逢春
841,相逢总是那么美丽，遗失却又令人叹息，多年以后，站在时光的两岸，我还是我，你还是你。#音乐分享 #音乐推荐 #情感音乐 #雷婷#痛哭的人
842,是细节不够伤人，还是敷衍不够明显，非要在玻璃渣里找糖吃，伤嘴还伤胃，扎心还崩溃…#音乐推荐 #音乐分享 #一首歌一个故事 #杨小壮 #烟雨成思
843,总有一些伤痛，可以安慰别人，却安慰不了自己；总有一些纠结，不是跟事过不去，而是跟心过不去#音乐推荐 #音乐分享 #情感音乐 #一首歌一个故事 #姜育恒 #多年以后
844,人生就是一场旅程，路上遇见许多人，来者惜，去者放。珍惜拥有陪伱一生的人，且好，且行且珍惜！#音乐分享 #情感音乐 #音乐推荐 #一首歌一个故事 #驿动的心#姜育恒
845,所有不合时宜的相遇，都遗憾的让人心疼……珍惜所有的相遇，也尊重所有的失去，这一生关于你的风景，短暂且漫长，美丽又遗憾#音乐分享 #音乐推荐 #情感音乐 #一首歌一个故事 #这一生的关于你的风景
846,好多的感情都是一个以为不会走，一个以为会挽留。被偏爱的有恃无恐，得不到的永远在骚动。#音乐分享 #音乐推荐 #情感音乐 #一首歌一个故事 #再回首 #苏芮 #
847,好像什么都来得及，又好像什么都无能为力。好像什么都有希望，又好像一切都遥不可及#情感音乐 #音乐分享 #伍佰 #一首歌一个故事 #与你到永久
848,偶尔被某个音乐触动，才会想要发个作品，释放下自己的情绪，所以请不要过分解读。我本是个话少的人，才会把感受落在文字上…#音乐分享 #音乐推荐 #情感音乐 #我不后悔#郑源 #林志颖
849,如果有一个人因为你的一点儿的好原谅你所有的错，你要特别珍惜，因为太多人因为你的一点错而忘记你所有的好！#音乐推荐 #情感音乐 #渡红尘 #张碧晨
850,现在的我，安静了许多，沉默了许多。想开了许多也淡定了许多。这个世界没有谁对谁一层不变，谁会对谁走到永远。在乎你的时候脾气就是性格，厌烦你的时候，说话都是错，从前傻傻的追根到底，如今浅浅的笑而不语。#音乐推荐 #情感音乐 #花姐 #算了吧放手吧 #一首歌一个故事
851,一个人的悲伤隐藏久了，就会无力诉说，一个人的情绪到了尽头，就只剩下沉默，有一些心事，不说是个结，说了是个疤！#情感音乐 #音乐推荐 #一首歌一个故事 #走在冷雨中 #魏佳艺
852,互相迁就才能长久，双向奔赴才有意义，满眼都是你的人才配得上你全部的爱，年龄何干，相貌何顾，家境何妨#渡红尘#张碧晨 #音乐推荐 #情感音乐
853,鱼那么相信水，水却煮了它，叶子那么信任风，风却吹落了叶，人心的冷暖，总是一直变幻，熟悉的陌生了，陌生的走远了！#情感音乐 #音乐推荐 #大欢#想念的人 #有你们在真好
854,一个人的悲伤隐藏久了，就会无力诉说，一个人的情绪到了尽头，就只剩下沉默，有一些心事，不说是个结，说了是个疤！#情感音乐 #音乐推荐 #致敬每一位时代记录者 #走在冷雨中#魏佳艺
855,特别喜欢的一句：“我用真心待你，但不执着于你。活在缘分中，而非关系里”#郁可唯 #音乐推荐 #郁可唯水中花#谭咏麟 #下雪了
856,冬天终究还是来了，接下来的日子，把衣服穿厚一点，走路走慢一些，睡觉早一点，愿所有人都与美好生活撞个满怀#音乐推荐 #情感音乐 #下雪了 #汤潮
857,时间最会骗人，但也能让你明白，这世上没有什么不能失去的，离去的都是风景，留下的才是人生，走到最后的，才是对的人！#音乐推荐 #情感音乐 #一首歌一个故事 #渡红尘#张碧晨
858,花落了明年依然会开，人离开你了，就再也不会回来了。我透支了所有热情却一无所获，后来发现冷落最引人关注#音乐推荐 #情感音乐 #水中花 #一首歌一个故事 #郁可唯
859,拐个弯，与生活和解，得失都随意，往后余生，愿自己百毒不侵，诸事皆宜#音乐推荐 #情感音乐 #一首歌一个故事 #水中传奇 #水中花 #李健
860,任何人和事，时间终会给我们答案，在细水长流的日子里，不说永远，只说珍惜#音乐推荐 #情感音乐 #水中花 #郁可唯 #一首歌一个故事
861,任何人和事，时间会给我答案，再细水长流的日子里，不说永远，只说珍惜##情感音乐 #音乐推荐 #水中花 #谭咏麟
862,人间有多少芳华就有多少遗憾，经历了许多事情后会发现，青春是一个拥有过最美好的东西，总有人在后来的时间里才明白，自己错过了什么。#音乐推荐 #情感音乐 #一首歌一个故事 #水中花 #李健
863,是无法和解，是无法和好，还爱 ，但是不会在一起了...#情感音乐 #情感音乐 #80后 #擦肩而过
864,任何人和事，时间终会给我们答案，在细水长流的日子里，不说永远，只说珍惜#十一月你好 #情感音乐 #音乐推荐 #80后 #黄磊 #我想我是海
865,没有人愿意失去自我，没有人生来就会漂泊，但我藏在心中的话，有谁能听的懂。其实孤独也未必是件坏事，没有惊喜也没有失望#音乐推荐 #80后 #一首歌一个故事 #王杰#孤独英雄
866,又一天结束了，某人我想你了，知道你很忙很累，不敢去打扰你，可还是会忍不住想你，想知道你在干嘛？不要太累了，好好照顾自己，早点休息，梦里我回去看你……#情感音乐 #80后 #音乐推荐 #一首歌一个故事 #想念的人 #大欢
867,有一种爱，嘴上说不再联系了，可心里却拼了命的去惦记，想念的时候忍住不去联系，却思念到发了疯，不打扰，却心痛到失眠...#情感音乐 #音乐推荐 #80后 #一首歌一个故事 #小阿枫 #金玉良缘
868,语言到不了的地方，文字可以，灵魂到不了的地方，音乐可以，太美好的东西都是具有侵略性，不是迷了眼就是醉了心#音乐推荐 #80后 #情感音乐 #听闻远方有你#刘钧
869,时间在变，人也太在变，有些事不管你如何努力，终究是回不去了，最遥远的距离不是爱不是恨，是熟悉的人慢慢陌生了#音乐推荐 #一首歌一个故事 #80后 #情感音乐 #宇桐非 #老二道半吨兄弟
870,你信不信有些人互相惦记，互相喜欢，互相爱着，但是没有在一起#情感音乐 #情感音乐 #80后 #一首歌一个故事 #听闻远方有你 #刘艺雯
871,撞过了年轻气盛无数南墙，才发现勇敢不敌时间一晃，有些事情从时间上已经过去，但在心里永远抹灭不掉。#80后 #音乐推荐 #情感音乐 #寻#张磊 #一首歌一个故事
872,人生没有如果，失去的不再回来，这无言的结局，一点都配不上当初的相遇。#情感音乐 #80后 #音乐推荐 #一首歌一个故事 #擦肩而过 #宇桐非
873,第一眼就看中的东西，其实不管你逛再久的街你还是会转回去买它，就像你第一次心动的人兜兜转转再遇见了依然会心动#音乐推荐 #情感音乐 #70后 #80后 #王杰#英雄泪
874,太多阴差阳错写进了人生，要原谅自己一开始就没能与宿命拈花一笑，走走停停都只不过从人间路过而已。#一首歌一个故事 #音乐推荐 #情感音乐 #樊少华
875,我也有撑不住的时候 我也想有人为我遮风挡雨 陪我风雨兼程 哪怕一句安慰 让我卸下所有的伪装和心痛#情感音乐 #音乐推荐 #一首歌一个故事 #寻 #张磊
876,这辈子欠自己太多，如果可以重来，一定要活成自己喜欢的样子，将所有的一言难尽一饮而尽，敬往事干杯！#音乐推荐 #情感音乐 #一首歌一个故事 #世间可有忘情酒
877,世界那么大，我散落在人群中，都不会有人注意。世界那么小，当初怎么就遇见你，自此，我的心里住了小小一个人#情感音乐 #音乐推荐 #一首歌一个故事 #小小 #容祖儿 #周杰伦
878,世间最好的默契，并非是有人懂你说出的故事，而是有人懂你说不出的心事。#音乐推荐 #情感音乐 #一首歌一个故事 #听闻远方有你#刘艺雯
879,明明知道我很介意的事情，你却一次又一次挑战我的底线，弄得你不开心，也显得我不大度。既然你不在乎，那就算了#音乐推荐 #80后 #情感音乐 #一首歌一个故事 #一个很傻的人
880,多少人 ，断了联系 ，断不了惦记 ，多少爱 ，删除了一切 ，删不了回忆…#情感音乐 #80后 #音乐推荐 #一首歌一个故事 #小小 #容祖儿
881,第一次听这首歌你当时在哪闯#天涯，谁是你当时的梦中人。沧海桑田，如今你的身边还有谁，谁还在陪你听着当初大家小巷都飘着的#任贤齐#天涯 #音乐推荐 #情感音乐 #80后
882,一场相遇、一生铭记，你不在身边、却永远在心里，会心疼、会牵挂……这条路只有一程，我贪心的想不要身份的陪你一生#音乐推荐 #情感音乐 #一首歌一个故事 #听闻远方有你 #刘艺雯
883,总有这样一个人，陪了你一程，却陪不了你一生，他是别人的风景，却湿了你的眼睛，他是别人的枕边人，却让你思念一生#80后 #音乐推荐 #情感音乐 #别怕我伤心#张信哲
884,小城市的稳定让人羡慕，大城市的霓虹也让人踌躇，这个年纪的我们，内心渴望安稳，骨子里又不甘平庸#情感音乐 #音乐推荐 #80后 #男人歌曲
885,我心里还会在意，我其实从来没有放下过你， 我骗了所有人，但唯独骗不了自己，骗不了我还是满着所有人偷偷的想你…#音乐推荐 #情感音乐 #放
886,伤口不在谁的身上，谁也不知道有多疼，委屈不在谁的心中，谁也不知道有多难受，这个世界上，从来就没有感同身受，只有冷暖自知……#情感音乐 #音乐推荐 #暗里着迷 #南北组合
887,世界上最好的默契是，有人懂你的欲言又止，听懂你的言外之意，理解你的艰辛苦难，看过你狼狈样子后，依然陪在你身边#情感音乐 #音乐推荐 #张宇#一言难尽
888,总有人嫌你不够好，也有人觉得你哪儿都好，不用踮起脚尖，爱你的人自会弯腰。#情感音乐 #音乐推荐 #金玉良缘
889,有一种思念叫不打扰，有一种爱叫不联系，进一步没资格，退一步又舍不得，原本以为是人生的过客，最后却成了心里的常客，只能放在心里的某个角落，今生无缘做你的枕边人 只能在心里陪你到老#情感音乐 #80后 #抖音热歌 #一首歌一个故事 #浪人情歌#伍佰
890,任何关系走到最后。不过相识一场。有心者有所累。无心者无所谓。情出自愿。事过无悔。不负遇见。不谈亏欠#抖音热歌 #情感音乐 #擦肩而过 #一首歌一个故事
891,今年的愿望 就是有人陪我过冬 陪我跨年放烟花 陪我喝奶茶 陪我一起吃火锅 做幼稚的事情 一直一直陪着我...#抖音热歌 #情感音乐 #80后 #张宇#月亮惹的祸
892,"多年以后我们再回首，故人已去，往事如烟，只剩下回不去的青春与踏不回的过往。
          人生如戏，戏如人生，很多事不是不懂，只是无奈，十万个为什么，也概括不了一句没什么…#情感音乐 #抖音热歌 #80后 #70后#姜育恒 #多年以后"
893,漫漫长夜谁在独自心痛，那远去的光似是她的呼唤，昨日是谁留下我这痴痴的心爱（粤语版）#抖音热歌 #情感音乐 #王杰#心痛
894,一场相遇、一生铭记，你不在身边、却永远在心里，会心疼、会牵挂……这条路只有一程，是我太贪心想要你的心#抖音热歌 #一首歌一个故事 #情感音乐 #音乐推荐
895,如果有人代替了我的位置，你别跟我告别，就安安静静的删了我，其他交给我就行了，我自己熬…#情感音乐 #抖音热歌 #音乐推荐 #一首歌一个故事 #余香
896,我问眼泪为何而来？泪说：知你心中苦，懂你心中痛。心说：情动心就痛，心也难自控。问泪何时干？泪说：待到情看淡，待到心放下。心再不会痛，眼泪自然就干了。#抖音热歌 #情感音乐 #听闻远方有你
897,情若能自控，要心有何用？心若能自控，何苦要心动，爱若能自控，为何受心痛？#情人之间的情人 #音乐推荐 #一首歌一个故事 #情感音乐 #抖音热歌
898,是不是年龄大了，感觉每首歌都在唱自己#抖音热歌 #情感音乐 #音乐推荐 #一首歌一个故事 #爱死了昨天
899,人间非净土，各有各的苦，同是红尘悲伤客，莫笑谁是可怜人。只想活的舒服自由，活得自己喜欢#情感音乐 #音乐推荐 #抖音热歌 #有人
900,以前真好，想得少，睡得早，喜欢笑，如今不知怎么活的如此潦草，好不容易长大，却把自己弄得遍体鳞伤#情感音乐 #音乐推荐 #抖音热歌 #挪威的森林#伍佰
901,过去式，过去心，无可记得；现在事，现在心，随缘即可；未来事，未来心，何必劳心。#情感音乐 #音乐推荐 #一首歌一个故事 #烟雨成思
902,终于明白有些关系，除了再见，别无选择，万幸得以相识，又遗憾止于相识，藏在心底的那份爱，终是无法释怀……#情感音乐 #音乐推荐 #80后 #雨蝶
903,一路走来，从来没被好好爱过，也不知道惊喜是什么，更不知道被人疯狂担心是什么感觉，到底是时间不对还是我不值得？后来我知道了，时间都对，是我不值得，是我不值得被认真对待，是我不值得被坚定选择！#情感音乐 80后 #痛哭的人 #伍佰 #音乐推荐
904,人一旦悟透了就会变得沉默，不是没有了与人相处的能力，而是没有了逢场作戏的兴趣。#情感音乐 #音乐推荐 #80后 #苦咖啡
905,我希望你以后过的很好，别辜负我一生的不打扰#情感音乐 #音乐推荐 #小阿枫
906,人一旦有了隔阂，就真的再也走不近了，这世上只有和好，没有如初!因为吞下委屈得不是你，旧账重提是因为它从未被妥善解决过。热情这东西耗尽了，就只剩下疲乏和冷漠，细节中崩溃，失望中放手!#情感音乐 #音乐推荐 #80后 #一首歌一个故事 #有没有人告诉你
907,时间在变，人也在变，有些事不管你怎么努力，终究回不去了，最遥远的距离，不是爱也不是恨，而是熟悉的人变得陌生了#情感音乐 #音乐推荐 #一首歌一个故事 #80后
908,明明喜欢你却不敢告诉你，很怕自己后悔没有勇气说，却还是一步步的不敢上前，让自己一次一次错过#情感音乐 #80后 #音乐推荐 #一首歌一个故事 #明明喜欢你
909,做个在时光中慢慢成长的人，知世俗，但不世故，有傲骨，更有慈悲，见识了生活的凌厉，却依然平静向暖#音乐推荐 #情感音乐 #80后 #醒来折花
910,爱到深处不纠缠，思念到极致不再见，只是不明白，我哪里不够好让你这么不珍惜，你又哪里好，值得我红了眼眶又笑着原谅.#音乐推荐 #80后 #情感音乐 #原谅
911,爱到深处不纠缠，思念到极致不再见，只是不明白，我哪里不够好让你这么不珍惜，你又哪里好，值得我红了眼眶又笑着原谅.#情感音乐 #音乐推荐
912,“深夜情绪，是比酒精还要凶残的猛药。晚上灯一灭，智商和情商就容易一溃千里，只剩下暴走的情绪无处安放。”“所以，早点睡吧，没有人安慰你。”#音乐推荐 #情感音乐 #张靓颖#想你在零点零一分 #80后
913,父亲从来不会说爱你，他爱你，藏在生活点点滴滴里，藏在你每一个阶段的成长中。#80后 #父爱如山 #音乐推荐 #父子
914,把错归咎于自己，并且礼貌的退场，把自己还给自己，把别人还给别人，让花成花，让树成树， 从此山水一程，再不相逢，愿来生，不见，不念，不欠！！！#宝妈 #情感音乐 #假如
915,谢谢你，在我最不好的时候陪着我，谢谢你给了我勇气，谢谢你，不管是晴是雨都不会喊痛，谢谢你！我一生有了你……##情感音乐 #车载音乐 #80后
1,2
1,#古诗词 #诗词
2,人生如逆旅，我亦是行人#诗词 #古诗词
3,朝朝暮暮，尔尔辞晚，碎碎念安安。#诗词 #古诗词 #唯美诗词
4,问灵十三載，等一不归人#诗词 #古诗词
5,#诗词 #古诗词 #杜甫
6,我见青山多妩媚，料青山见我应如是#诗词 #古诗词 #每天一首古诗词
7,书中自有黄金屋，书中自有颜如玉#诗词 #古诗词 #读书 #每天一首古诗词 #我在抖音读唐诗
8,"林深时见鹿，海蓝时见鲸,梦醒时见你。#古诗词 #诗词 #每天一首古诗词"
9,日时王谢堂前燕，飞入寻常百姓家。#诗词 #古诗词 #每天一首古诗词
10,#古诗词 #诗词 #浮生六记
11,夏虫不可语冰#诗词 #古诗词 #知识分享
12,"人面不知何处去,桃花依旧笑春风#诗词 #古诗词 #我在抖音读唐诗 @抖音小助手"
13,#诗词 #古诗词 #我在抖音读唐诗
14,知不可乎骤得，托遗响于悲风#诗词 #古诗词 #苏轼
15,世事一场大梦，人生几度秋凉#古诗词 #诗词 #每天一首古诗词
16,#诗词 #古诗词 #我打碎了夕阳
17,用古诗词来诠释五彩斑斓的黑#诗词 #古诗词 #唯美诗词 #我在抖音读唐诗 @抖音小助手
18,"谁无风暴劲雨时，守得云开见月明
#诗词 #古诗词 #苏东坡 #董宇辉"
19,#古诗词 #诗词
20,#诗词 #古诗词 #知识分享 #读书 #我在抖音读唐诗 @抖音小助手
21,#诗词 #古诗词 #国学 @抖音小助手
22,"#诗词 #古诗词 
力拔山兮气盖世，时不利今骓不逝。"
23,#诗词 #古诗词
24,欲买桂花同載酒，终不似，少年游。#古诗词 #诗词 #国风 #唯美诗词
25,对一张琴，一壶酒，一溪云#古诗词 #诗词
26,苏轼最著名的一首回文诗#诗词 #古诗词 #佳句欣赏 #回文诗 #苏轼
27,#古诗词 #诗词 #佳句欣赏
28,我来人间一趟，不惧雨雪风霜#诗词 #唯美诗词 #佳句欣赏 #愿所有美好如约而至
29,海压竹枝低复举 风吹山角晦还明#诗词 #古诗词 #唯美诗词 #佳句欣赏
30,缅邈岁月，缱绻平生#古诗词 #诗词 #唯美诗词 #佳句欣赏
31,寄蜉蝣于天地，渺沧海之一粟#古诗词 #诗词 #韩非与嬴政对话
32,有人等烟雨，有人怪雨急，有人在等伞，有人等雨停#诗词 #佳句欣赏 #唯美诗词 #每天学习一点点
33,行路难，不在水，不在山，只在人情反覆间#诗词 #古诗词 #唯美诗词
34,情到深处泪自流，绵绵相恩无尽头。#诗词 #古诗词 #佳句欣赏 #唯美诗词 #每天学习一点点
35,碧云天，黄叶地，秋色连波，波上寒烟翠。#诗词 #古诗词 #唯美诗词
36,蜀道之难，难于上青天，使人听此凋朱颜！#古诗词 #诗词 #佳句欣赏 #每天学习一点点
37,"出淤泥而不染，濯清涟而不妖
可远观而不可爽玩焉#诗词 #古诗词 #佳句欣赏 #每天学习一点点"
38,"抉飞仙以遨游，抱明月而长终。
知不可乎骤得，托遗响于悲风。#赤壁赋 #诗词 #古诗词 #佳句欣赏 #每天一首古诗词"
39,愿得一心人，白头不相离#古诗词 #诗词 #卓文君 #司马相如
40,凤兮凤兮归故乡，遨游四海求其凰#诗词 #古诗词 #佳句欣赏
41,当年万里觅封侯，匹马成梁州#古诗词 #诗词 #唯美诗词
42,明月几时有？把酒问青天#古诗词 #诗词
43,会挽雕弓如满月，西北望，射天狼#古诗词 #诗词 #佳句欣赏
44,有善始者实繁，能克终者盖寡#古诗词 #诗词
45,山有木兮木有枝，心悦君兮君不知#古诗词 #诗词 #唯美诗词
46,"看见光，追随光，成为光，散发光，不啻微芒,造炬成阳#古诗词 #诗词 #唯美诗词"
47,少年应有鸿鹄志 当骑骏马踏平川#古诗词#诗词 #你追梦我护航 #高考加油 #金榜题名
48,谁道人生无再少？门前流水尚能西！休将白发唱黄鸡。#古诗词 #诗词 #佳句欣赏 #你追梦我护航
49,虪齺蠿齺喻上下相向，我意：我用细节和感性浇死了所有的幼稚和任性，那片荒野慢慢长出了理智慢#古诗词#诗词 #佳句欣赏 #你追梦我护航
50,郁孤台下清江水，中间多少行人泪？#诗词 #古诗词 #唯美诗词 #2022高考必胜
51,莫等闲、白了少年头，空悲切#古诗词 #唯美诗词 #佳句欣赏 #2022高考必胜
52,毕竟几人真得鹿，不知终日梦为鱼#诗词 #古诗词 #唯美诗词
53,时光缓缓，岁月凝香，暖阳碎了一地的光#诗词 #唯美诗词 #佳句欣赏
54,"#诗词 #古诗词 
山有扶苏，隰有荷华"
55,心有半亩花田，藏于世俗人间#诗词 #佳句欣赏 #唯美诗词
56,"#古诗词 #诗词 
今宵剩把银釘照，犹恐相逢是梦中。"
57,时间煮雨，岁月缝花，以欢喜之心，慢度日常#诗词 #佳句欣赏 #唯美诗词
58,一年一端午 一岁一安康#端午安康 #一年一端午一岁一安康 #佳句欣赏 #诗词
59,山野万万里 余生路漫漫#诗词 #古诗词 #佳句欣赏
60,与独处相安，与万事言和，阅已，越已，悦已#诗词 #佳句欣赏 #古诗词
61,"#古诗词 #诗词 
卿是人间绝色，亦是人间难得。"
62,"#古诗词 #诗词 
海日生残夜，江春入旧年。"
63,"#诗词 #古诗词 
人生海海,山山而川，不过尔尔。"
64,"年年有风,风吹年年#古诗词 #诗词"
65,读唐诗想登高舞剑，诗词就要唱出来#诗词 #古诗词 #每天一首古诗词 #经典咏流传 #李白
66,"#古诗词 #诗词 
天地一逆旅，同悲万古生。"
67,"#古诗词 #诗词 
往事不可谏，来者犹可追"
68,"#古诗词 #诗词 
渐行渐远渐无书，水阔鱼沉何处问。"
69,我们用两年学会说话，却要用一辈子学会如何闭嘴#诗词 #古诗词 #摘抄
70,"#古诗词 #诗词 
莫道桑榆晚，为霞尚满天"
71,让花成花，让树成树#古诗词 #诗词 #摘抄
72,三秋恨三秋感旧，三春怨三春病酒，一世害一世风流#古诗词 #诗词
73,#古诗词 #诗词
74,"#古诗词 #诗词 
爱意随风起，风止意难平。
黄昏与落日，晚风也思你。"
75,"#古诗词 #诗词 
两处相思同淋雪，此生也算共自头。"
76,"#古诗词 #诗词 
初见乍惊欢,久处亦怦然,
愿可共白首,余生常相伴"
77,"#古诗词 #诗词 
醉后不知天在水，满船清梦压星河。"
78,"#古诗词 #诗词 
繁花似锦觅安宁,淡云流水度此生。"
79,"#古诗词 #诗词 
唯愿此生，岁月无恙。
只言温暖，不言悲伤。"
80,"#古诗词 #诗词
岁月缱绻 葳蕥生香"
81,"#古诗词 #诗词 
落日何其温柔，人间皆是浪漫。"
82,"#古诗词 #诗词 
百善孝为先，万恶淫为首"
83,“黄沙百战穿金甲，不破楼兰终不还。”一位边塞诗人的诞生#诗词 #古诗词 #爱上古诗词 #王昌龄 #每天一首古诗词
84,"#古诗词 #诗词 
枯木逢春犹再发,人无两度再少年"
85,"#古诗词 #诗词 #我喜欢你 
愿得一人心 白首不相离"
86,曲有误 周郎顾#古诗词 #诗词 #爱上古诗词
87,"#古诗词 #诗词 #爱上古诗词 
人世间有百媚千红，
唯独你，我情之所钟。"
88,全诗无一个爱字，却句句都是我爱你#诗词 #古诗词 #情诗
89,"#古诗词 #诗词 
旧人不知我近况，新人不知我过往"
90,"#古诗词 #诗词 
河山万里归无期，南风怎知我相思。"
91,"#古诗词 #诗词 
高山仰止，景行行止，
虽不能至，心向往之。"
92,"#诗词 #古诗词 
和其光 同其尘 是谓玄同"
93,#古诗词 #诗词 #道德经
94,"#古诗词 #诗词 
从此音尘各悄然 春山如黛草如烟"
95,"#古诗词 #诗词 
两情若是久长时 又岂在朝朝暮暮"
96,"#古诗词 #诗词 
有情芍药含春泪 无力蔷薇卧晓枝"
97,“追风赶月莫停留，平芜尽处是春山。”若你志在顶峰，就不要迷恋山腰的风景。#古诗词 #诗词 #读书之美
98,"#古诗词 #诗词 
可怜无定河边骨 犹是深闺梦里人"
99,#古诗词 #诗词
100,#古诗词 #诗词
101,"#古诗词 #诗词 
此情无计可消除，才下眉头，却上心头。"
102,"#古诗词 #诗词 
知否，知否？应是绿肥红瘦。"
103,千古奇诗，顺读是思妻，反读是思夫。 #诗词 #古诗词
104,"#古诗词 #诗词 
寻寻觅觅 冷冷清清 凄凄惨惨戚戚"
105,"#古诗词 #诗词 
同是天涯沦落人 相逢何必曾相识"
106,"#古诗词 #诗词 
身无彩凤双飞翼 心有灵犀一点通"
107,"夜阑卧听风吹雨 铁马冰河入梦来
#古诗词 #诗词 #经典咏流传 #张淇"
108,#古诗词 #诗词 #古句
109,"#古诗词 #诗词 
命里有时终须有 命里无时莫强求"
110,#古诗词 #诗词
111,#古诗词 #诗词
112,"#古诗词 #诗词 
他日卧龙终得雨 今朝放鹤且冲天"
113,#母亲 #母亲节 #我心中最好的妈妈 #诗词 #古诗词 谁言寸草心 报得三春晖
114,仰天大笑出门去 我辈岂是蓬蒿人#古诗词 #诗词 #诗词鉴赏 #李白
115,#古诗词 #诗词 零落成泥碾作尘 只有香如故
116,"#古诗词 #诗词 
西园公子名无忌 南国佳人号莫愁"
117,立夏：春意藏，夏初长，风暖人间草木香#古诗词 #诗词
118,#古诗词 #诗词 #苏轼 #苏东坡
119,"#古诗词 #诗词 
古人的才华到底有多厉害"
120,#古诗词 #诗词
121,小舟从此逝 江海寄余生#诗词 #古诗词 #苏轼
122,#古诗词 #诗词
123,#古诗词 #诗词 #致敬平凡的你
124,浅喜似苍狗，深爱如长风#古诗词 #诗词 #爱上古诗词
125,#古诗词 #诗词 #枕上诗书 #爱上古诗词 #致敬平凡的你
126,#古诗词 #诗词 #致敬平凡的你
127,#古诗词 #诗词
128,#古诗词 #诗词
129,#诗词 #古诗词 #李白
130,愿有岁月可回首，且以你我共白头#古诗词 #诗词 #诗词鉴赏
131,#古诗词 #诗词
132,#古诗词 #诗词 #爱上古诗词
133,#古诗词 #诗词 #唯美诗词
134,#古诗词 #诗词 #爱上古诗词
135,#古诗词 #诗词
136,长恨歌中有多少你知道的千古名句#古诗词 #诗词 #长恨歌
137,#古诗词 #诗词
138,#古诗词 #诗词
139,#古诗词 #诗词
140,#古诗词 #诗词 #读书之美
141,#古诗词 #诗词 #读书之美
142,何其有幸它未曾出现在我的课本之中#古诗词 #诗词 #李白 #仙人抚我顶结发受长生
143,#古诗词 #诗词
144,#古诗词 #诗词
145,#古诗词 #诗词 #锦瑟
146,#古诗词 #诗词 #藏头诗
147,#诗词 #古诗词
148,#论语 #孔子 #朝闻道
149,#古诗词 #诗词
150,#唯美诗词 #诗词 #枕上诗书 #消愁
151,行到水穷处 坐看云起时#古诗词 #诗词 #王维
152,#古诗词 #诗词
153,#诗词 #林徽因
154,#古诗词 #诗词
155,#古诗词 #诗词 #李煜 #虞美人
156,#古诗词 #诗词 #唐婉
157,#古诗词 #诗词 #陆游 #唐婉
158,#相思 #古诗词 #诗词
159,众里寻他千百度  蓦然回首  那人却在  灯火阑珊处#古诗词 #诗词 #枕上诗书 #辛弃疾
160,#古诗词 #诗词 #每天一首古诗词
161,#古诗词 #诗词 #唐诗
162,#古诗词 #诗词
163,#古诗词 #诗词
164,#古诗词 #诗词
165,#撒贝宁 高考满分作文级别的30秒开场#古诗词 #诗词
166,#古诗词 #诗词
167,#古诗词 #诗词
168,#古诗词 #诗词
169,#古诗词 #诗词 #李白
170,古人口中的浪漫#古诗词 #诗词
171,#古诗词 #诗词
172,人生若只如初见，何事秋风悲画扇#古诗词 #诗词 #每天一首古诗词
173,#古诗词 #诗词 #清明
174,#古诗词 #诗词 #清明 #清明节
175,#古诗词 #诗词 #每天一首古诗词
176,#古诗词 #诗词 #陆游和唐婉
177,#古诗词 #诗词 #李白
178,#古诗词 #诗词 #每天一首古诗词
179,#古诗词 #诗词 #相思
180,#古诗词 #诗词 #每天一首古诗词
181,醉里挑灯看剑，梦回吹角连营#古诗词 #诗词 #每天一首古诗词
182,#古诗词 #诗词 #每天一首古诗词
183,#古诗词 #诗词 #每天一首古诗词
184,#古诗词 #诗词  我是凡人不是仙，遇事只能问苍天
185,#古诗词 #诗词
186,#古诗词 #诗词 #每天一首古诗词 #兰亭序
187,#古诗词 #诗词 #每天一首古诗词
188,愿有岁月可回首，且以深情共白头#古诗词 #诗词 #每天一首古诗词
189,#古诗词 #诗词
190,春风得意马蹄疾，一日看尽长安花#古诗词 #诗词 #创作灵感 #登科后
191,#古诗词 #诗词 人间已是三月天，百花含羞柳含烟
